====================
入札者数: 100
財の個数: 50
傾き:
[
[10, 82, 97, 40, 13, 77, 51, 59]
[51, 43, 86, 43, 94, 14, 61, 70]
[86, 20, 27, 29, 18, 94, 67, 91]
[95, 18, 30, 100, 85, 27, 10, 62]
[54, 85, 50, 40, 72, 31, 97, 62]
[65, 78, 48, 44, 46, 11, 57, 13]
[30, 36, 18, 26, 15, 96, 48, 98]
[71, 79, 68, 44, 96, 66, 73, 81]
[10, 74, 74, 84, 35, 60, 26, 39]
[35, 98, 10, 39, 32, 25, 96, 68]
[59, 85, 38, 57, 51, 17, 73, 83]
[68, 12, 95, 48, 12, 22, 61, 51]
[13, 20, 26, 16, 30, 95, 10, 72]
[64, 13, 18, 84, 38, 81, 44, 43]
[61, 64, 46, 63, 56, 45, 45, 71]
[62, 88, 19, 48, 27, 79, 49, 51]
[11, 64, 58, 64, 30, 41, 69, 68]
[12, 74, 100, 33, 73, 12, 51, 69]
[58, 36, 88, 21, 89, 14, 38, 56]
[71, 91, 89, 66, 34, 37, 30, 68]
[38, 90, 18, 82, 70, 56, 57, 38]
[94, 13, 82, 56, 44, 67, 69, 33]
[31, 83, 28, 18, 48, 48, 79, 34]
[56, 16, 81, 27, 79, 22, 78, 81]
[88, 51, 56, 92, 16, 51, 70, 29]
[10, 15, 100, 16, 11, 84, 49, 55]
[33, 49, 49, 21, 93, 86, 14, 19]
[80, 59, 67, 23, 35, 40, 36, 39]
[71, 36, 53, 42, 96, 92, 31, 14]
[35, 20, 33, 97, 29, 50, 35, 69]
[58, 54, 52, 89, 55, 83, 16, 11]
[54, 84, 44, 28, 43, 84, 83, 16]
[27, 34, 69, 100, 44, 18, 50, 16]
[54, 60, 62, 15, 30, 58, 19, 18]
[82, 45, 11, 72, 88, 89, 37, 31]
[87, 54, 19, 54, 64, 99, 34, 60]
[28, 74, 71, 74, 77, 54, 23, 16]
[94, 39, 98, 79, 81, 77, 26, 62]
[13, 12, 99, 94, 83, 57, 51, 84]
[76, 91, 65, 48, 61, 95, 69, 89]
[95, 32, 24, 36, 93, 64, 81, 70]
[13, 88, 61, 33, 90, 69, 97, 42]
[10, 100, 43, 73, 82, 83, 24, 55]
[98, 66, 67, 95, 28, 55, 79, 71]
[53, 93, 73, 73, 91, 33, 58, 30]
[31, 38, 28, 87, 24, 97, 65, 53]
[36, 73, 27, 83, 28, 23, 15, 70]
[85, 78, 38, 70, 89, 99, 51, 75]
[99, 40, 74, 37, 50, 63, 49, 34]
[15, 88, 62, 97, 77, 68, 64, 55]
[95, 99, 12, 13, 75, 64, 16, 95]
[20, 10, 38, 17, 12, 41, 85, 23]
[41, 67, 21, 67, 24, 97, 22, 76]
[33, 21, 13, 34, 68, 44, 46, 47]
[45, 84, 44, 35, 48, 10, 59, 82]
[89, 47, 12, 62, 51, 99, 49, 87]
[26, 55, 91, 44, 47, 78, 76, 88]
[93, 53, 34, 45, 57, 44, 21, 14]
[66, 52, 49, 22, 45, 97, 22, 74]
[45, 26, 16, 39, 80, 89, 21, 22]
[86, 22, 58, 94, 82, 25, 95, 21]
[66, 63, 52, 46, 12, 90, 47, 33]
[75, 24, 46, 71, 79, 34, 71, 64]
[90, 28, 81, 70, 18, 68, 50, 47]
[26, 22, 56, 36, 35, 36, 77, 59]
[17, 64, 44, 77, 71, 89, 23, 32]
[36, 51, 23, 16, 44, 72, 27, 44]
[40, 44, 39, 44, 25, 34, 11, 69]
[75, 46, 24, 32, 91, 24, 49, 42]
[26, 83, 39, 63, 95, 67, 71, 46]
[62, 71, 72, 41, 40, 55, 28, 27]
[19, 11, 17, 46, 78, 33, 31, 35]
[47, 25, 62, 12, 40, 39, 61, 35]
[64, 13, 52, 67, 55, 10, 94, 36]
[60, 90, 75, 82, 76, 11, 70, 78]
[91, 88, 17, 25, 96, 96, 37, 16]
[54, 98, 96, 84, 93, 10, 68, 81]
[12, 84, 89, 49, 90, 26, 55, 86]
[63, 52, 78, 54, 79, 38, 14, 49]
[80, 70, 99, 19, 90, 95, 43, 44]
[63, 98, 65, 88, 28, 98, 85, 50]
[92, 47, 76, 50, 39, 63, 70, 98]
[65, 65, 66, 40, 52, 38, 73, 54]
[80, 97, 73, 78, 12, 29, 68, 94]
[70, 10, 64, 15, 44, 50, 42, 22]
[49, 88, 27, 44, 30, 41, 28, 57]
[38, 50, 20, 98, 23, 13, 73, 10]
[34, 75, 38, 63, 18, 62, 51, 95]
[33, 53, 49, 78, 74, 66, 77, 53]
[66, 36, 11, 24, 26, 96, 79, 21]
[11, 94, 56, 22, 25, 27, 64, 46]
[91, 45, 59, 75, 57, 40, 23, 54]
[34, 95, 64, 86, 32, 83, 37, 65]
[61, 33, 37, 51, 92, 89, 80, 75]
[69, 24, 11, 44, 48, 40, 18, 10]
[52, 54, 31, 92, 49, 65, 41, 75]
[59, 63, 62, 61, 85, 86, 95, 70]
[60, 53, 82, 64, 21, 43, 98, 14]
[47, 81, 73, 43, 47, 100, 30, 89]
[78, 91, 94, 59, 49, 51, 98, 58]
]
需要区間:
[
[[0, 6], [7, 13], [14, 19], [20, 25], [26, 31], [32, 37], [38, 43], [44, 50]]
[[0, 5], [6, 11], [12, 18], [19, 24], [25, 30], [31, 37], [38, 43], [44, 50]]
[[0, 7], [8, 13], [14, 19], [20, 25], [26, 31], [32, 37], [38, 43], [44, 50]]
[[0, 7], [8, 13], [14, 19], [20, 25], [26, 31], [32, 37], [38, 43], [44, 50]]
[[0, 7], [8, 13], [14, 19], [20, 25], [26, 31], [32, 37], [38, 43], [44, 50]]
[[0, 6], [7, 13], [14, 19], [20, 25], [26, 31], [32, 37], [38, 43], [44, 50]]
[[0, 6], [7, 12], [13, 19], [20, 25], [26, 31], [32, 37], [38, 43], [44, 50]]
[[0, 6], [7, 13], [14, 19], [20, 25], [26, 31], [32, 37], [38, 43], [44, 50]]
[[0, 6], [7, 13], [14, 19], [20, 25], [26, 31], [32, 37], [38, 43], [44, 50]]
[[0, 6], [7, 13], [14, 19], [20, 25], [26, 31], [32, 37], [38, 43], [44, 50]]
[[0, 7], [8, 13], [14, 19], [20, 25], [26, 31], [32, 37], [38, 43], [44, 50]]
[[0, 5], [6, 13], [14, 19], [20, 25], [26, 31], [32, 37], [38, 43], [44, 50]]
[[0, 6], [7, 13], [14, 19], [20, 25], [26, 31], [32, 37], [38, 43], [44, 50]]
[[0, 6], [7, 12], [13, 19], [20, 25], [26, 31], [32, 37], [38, 43], [44, 50]]
[[0, 5], [6, 11], [12, 17], [18, 25], [26, 31], [32, 37], [38, 43], [44, 50]]
[[0, 7], [8, 13], [14, 19], [20, 25], [26, 31], [32, 37], [38, 43], [44, 50]]
[[0, 7], [8, 13], [14, 19], [20, 25], [26, 31], [32, 37], [38, 43], [44, 50]]
[[0, 7], [8, 13], [14, 19], [20, 25], [26, 31], [32, 37], [38, 43], [44, 50]]
[[0, 6], [7, 13], [14, 19], [20, 25], [26, 31], [32, 37], [38, 43], [44, 50]]
[[0, 5], [6, 11], [12, 19], [20, 25], [26, 31], [32, 37], [38, 43], [44, 50]]
[[0, 6], [7, 12], [13, 18], [19, 24], [25, 30], [31, 37], [38, 43], [44, 50]]
[[0, 6], [7, 12], [13, 18], [19, 24], [25, 30], [31, 36], [37, 43], [44, 50]]
[[0, 7], [8, 13], [14, 19], [20, 25], [26, 31], [32, 37], [38, 43], [44, 50]]
[[0, 5], [6, 13], [14, 19], [20, 25], [26, 31], [32, 37], [38, 43], [44, 50]]
[[0, 7], [8, 13], [14, 19], [20, 25], [26, 31], [32, 37], [38, 43], [44, 50]]
[[0, 5], [6, 12], [13, 19], [20, 25], [26, 31], [32, 37], [38, 43], [44, 50]]
[[0, 5], [6, 11], [12, 18], [19, 25], [26, 31], [32, 37], [38, 43], [44, 50]]
[[0, 6], [7, 13], [14, 19], [20, 25], [26, 31], [32, 37], [38, 43], [44, 50]]
[[0, 6], [7, 12], [13, 18], [19, 25], [26, 31], [32, 37], [38, 43], [44, 50]]
[[0, 7], [8, 13], [14, 19], [20, 25], [26, 31], [32, 37], [38, 43], [44, 50]]
[[0, 5], [6, 11], [12, 17], [18, 25], [26, 31], [32, 37], [38, 43], [44, 50]]
[[0, 6], [7, 12], [13, 19], [20, 25], [26, 31], [32, 37], [38, 43], [44, 50]]
[[0, 6], [7, 13], [14, 19], [20, 25], [26, 31], [32, 37], [38, 43], [44, 50]]
[[0, 6], [7, 12], [13, 19], [20, 25], [26, 31], [32, 37], [38, 43], [44, 50]]
[[0, 5], [6, 13], [14, 19], [20, 25], [26, 31], [32, 37], [38, 43], [44, 50]]
[[0, 7], [8, 13], [14, 19], [20, 25], [26, 31], [32, 37], [38, 43], [44, 50]]
[[0, 6], [7, 13], [14, 19], [20, 25], [26, 31], [32, 37], [38, 43], [44, 50]]
[[0, 7], [8, 13], [14, 19], [20, 25], [26, 31], [32, 37], [38, 43], [44, 50]]
[[0, 6], [7, 12], [13, 18], [19, 25], [26, 31], [32, 37], [38, 43], [44, 50]]
[[0, 7], [8, 13], [14, 19], [20, 25], [26, 31], [32, 37], [38, 43], [44, 50]]
[[0, 5], [6, 11], [12, 17], [18, 24], [25, 30], [31, 36], [37, 42], [43, 50]]
[[0, 7], [8, 13], [14, 19], [20, 25], [26, 31], [32, 37], [38, 43], [44, 50]]
[[0, 7], [8, 13], [14, 19], [20, 25], [26, 31], [32, 37], [38, 43], [44, 50]]
[[0, 7], [8, 13], [14, 19], [20, 25], [26, 31], [32, 37], [38, 43], [44, 50]]
[[0, 7], [8, 13], [14, 19], [20, 25], [26, 31], [32, 37], [38, 43], [44, 50]]
[[0, 6], [7, 13], [14, 19], [20, 25], [26, 31], [32, 37], [38, 43], [44, 50]]
[[0, 7], [8, 13], [14, 19], [20, 25], [26, 31], [32, 37], [38, 43], [44, 50]]
[[0, 6], [7, 13], [14, 19], [20, 25], [26, 31], [32, 37], [38, 43], [44, 50]]
[[0, 6], [7, 12], [13, 18], [19, 25], [26, 31], [32, 37], [38, 43], [44, 50]]
[[0, 5], [6, 11], [12, 17], [18, 24], [25, 31], [32, 37], [38, 43], [44, 50]]
[[0, 7], [8, 13], [14, 19], [20, 25], [26, 31], [32, 37], [38, 43], [44, 50]]
[[0, 6], [7, 13], [14, 19], [20, 25], [26, 31], [32, 37], [38, 43], [44, 50]]
[[0, 7], [8, 13], [14, 19], [20, 25], [26, 31], [32, 37], [38, 43], [44, 50]]
[[0, 6], [7, 13], [14, 19], [20, 25], [26, 31], [32, 37], [38, 43], [44, 50]]
[[0, 7], [8, 13], [14, 19], [20, 25], [26, 31], [32, 37], [38, 43], [44, 50]]
[[0, 5], [6, 12], [13, 18], [19, 24], [25, 31], [32, 37], [38, 43], [44, 50]]
[[0, 6], [7, 12], [13, 18], [19, 24], [25, 30], [31, 36], [37, 43], [44, 50]]
[[0, 7], [8, 13], [14, 19], [20, 25], [26, 31], [32, 37], [38, 43], [44, 50]]
[[0, 5], [6, 11], [12, 19], [20, 25], [26, 31], [32, 37], [38, 43], [44, 50]]
[[0, 6], [7, 13], [14, 19], [20, 25], [26, 31], [32, 37], [38, 43], [44, 50]]
[[0, 5], [6, 13], [14, 19], [20, 25], [26, 31], [32, 37], [38, 43], [44, 50]]
[[0, 7], [8, 13], [14, 19], [20, 25], [26, 31], [32, 37], [38, 43], [44, 50]]
[[0, 7], [8, 13], [14, 19], [20, 25], [26, 31], [32, 37], [38, 43], [44, 50]]
[[0, 5], [6, 11], [12, 19], [20, 25], [26, 31], [32, 37], [38, 43], [44, 50]]
[[0, 7], [8, 13], [14, 19], [20, 25], [26, 31], [32, 37], [38, 43], [44, 50]]
[[0, 5], [6, 13], [14, 19], [20, 25], [26, 31], [32, 37], [38, 43], [44, 50]]
[[0, 5], [6, 11], [12, 17], [18, 25], [26, 31], [32, 37], [38, 43], [44, 50]]
[[0, 6], [7, 12], [13, 18], [19, 25], [26, 31], [32, 37], [38, 43], [44, 50]]
[[0, 5], [6, 11], [12, 17], [18, 23], [24, 31], [32, 37], [38, 43], [44, 50]]
[[0, 7], [8, 13], [14, 19], [20, 25], [26, 31], [32, 37], [38, 43], [44, 50]]
[[0, 7], [8, 13], [14, 19], [20, 25], [26, 31], [32, 37], [38, 43], [44, 50]]
[[0, 6], [7, 13], [14, 19], [20, 25], [26, 31], [32, 37], [38, 43], [44, 50]]
[[0, 7], [8, 13], [14, 19], [20, 25], [26, 31], [32, 37], [38, 43], [44, 50]]
[[0, 6], [7, 13], [14, 19], [20, 25], [26, 31], [32, 37], [38, 43], [44, 50]]
[[0, 7], [8, 13], [14, 19], [20, 25], [26, 31], [32, 37], [38, 43], [44, 50]]
[[0, 7], [8, 13], [14, 19], [20, 25], [26, 31], [32, 37], [38, 43], [44, 50]]
[[0, 5], [6, 11], [12, 17], [18, 25], [26, 31], [32, 37], [38, 43], [44, 50]]
[[0, 7], [8, 13], [14, 19], [20, 25], [26, 31], [32, 37], [38, 43], [44, 50]]
[[0, 5], [6, 12], [13, 19], [20, 25], [26, 31], [32, 37], [38, 43], [44, 50]]
[[0, 6], [7, 13], [14, 19], [20, 25], [26, 31], [32, 37], [38, 43], [44, 50]]
[[0, 7], [8, 13], [14, 19], [20, 25], [26, 31], [32, 37], [38, 43], [44, 50]]
[[0, 5], [6, 13], [14, 19], [20, 25], [26, 31], [32, 37], [38, 43], [44, 50]]
[[0, 7], [8, 13], [14, 19], [20, 25], [26, 31], [32, 37], [38, 43], [44, 50]]
[[0, 5], [6, 12], [13, 19], [20, 25], [26, 31], [32, 37], [38, 43], [44, 50]]
[[0, 7], [8, 13], [14, 19], [20, 25], [26, 31], [32, 37], [38, 43], [44, 50]]
[[0, 7], [8, 13], [14, 19], [20, 25], [26, 31], [32, 37], [38, 43], [44, 50]]
[[0, 6], [7, 13], [14, 19], [20, 25], [26, 31], [32, 37], [38, 43], [44, 50]]
[[0, 6], [7, 12], [13, 18], [19, 25], [26, 31], [32, 37], [38, 43], [44, 50]]
[[0, 6], [7, 12], [13, 19], [20, 25], [26, 31], [32, 37], [38, 43], [44, 50]]
[[0, 5], [6, 12], [13, 19], [20, 25], [26, 31], [32, 37], [38, 43], [44, 50]]
[[0, 5], [6, 12], [13, 18], [19, 25], [26, 31], [32, 37], [38, 43], [44, 50]]
[[0, 5], [6, 13], [14, 19], [20, 25], [26, 31], [32, 37], [38, 43], [44, 50]]
[[0, 7], [8, 13], [14, 19], [20, 25], [26, 31], [32, 37], [38, 43], [44, 50]]
[[0, 5], [6, 11], [12, 17], [18, 24], [25, 31], [32, 37], [38, 43], [44, 50]]
[[0, 7], [8, 13], [14, 19], [20, 25], [26, 31], [32, 37], [38, 43], [44, 50]]
[[0, 5], [6, 13], [14, 19], [20, 25], [26, 31], [32, 37], [38, 43], [44, 50]]
[[0, 7], [8, 13], [14, 19], [20, 25], [26, 31], [32, 37], [38, 43], [44, 50]]
[[0, 6], [7, 12], [13, 19], [20, 25], [26, 31], [32, 37], [38, 43], [44, 50]]
[[0, 5], [6, 12], [13, 18], [19, 24], [25, 30], [31, 36], [37, 42], [43, 50]]
[[0, 6], [7, 12], [13, 19], [20, 25], [26, 31], [32, 37], [38, 43], [44, 50]]
]
Max value: 5000
====================
入札者数: 100
財の個数: 50
傾き:
[
[78, 32, 88, 45, 23, 15, 99, 91, 52]
[13, 37, 50, 59, 91, 69, 70, 32, 68]
[59, 43, 15, 95, 69, 55, 27, 88, 68]
[87, 42, 56, 92, 51, 74, 94, 34, 20]
[54, 62, 68, 65, 24, 11, 46, 51, 60]
[23, 86, 54, 79, 85, 57, 29, 89, 15]
[55, 81, 79, 98, 58, 12, 69, 94, 26]
[85, 71, 77, 45, 89, 81, 18, 29, 83]
[46, 83, 100, 11, 33, 16, 81, 48, 36]
[46, 69, 59, 84, 84, 32, 94, 35, 37]
[61, 39, 44, 22, 17, 61, 72, 91, 37]
[37, 83, 12, 77, 73, 24, 53, 63, 50]
[50, 68, 98, 99, 50, 65, 86, 18, 51]
[40, 73, 58, 83, 47, 58, 41, 93, 21]
[11, 95, 30, 67, 56, 57, 30, 98, 32]
[36, 97, 46, 44, 26, 46, 38, 53, 68]
[21, 27, 35, 19, 29, 49, 14, 42, 90]
[86, 25, 66, 40, 45, 34, 63, 70, 52]
[22, 99, 95, 26, 93, 88, 33, 14, 40]
[67, 95, 68, 92, 32, 70, 93, 100, 16]
[95, 18, 29, 79, 67, 30, 82, 89, 42]
[71, 58, 42, 30, 70, 20, 54, 13, 51]
[34, 63, 13, 60, 25, 93, 83, 100, 89]
[38, 62, 73, 84, 71, 78, 95, 14, 88]
[66, 72, 93, 43, 83, 56, 52, 77, 68]
[49, 25, 46, 78, 66, 28, 44, 64, 61]
[42, 37, 16, 65, 82, 26, 71, 40, 33]
[92, 57, 48, 30, 13, 71, 30, 96, 12]
[27, 26, 41, 56, 29, 45, 16, 78, 18]
[47, 92, 75, 62, 44, 19, 38, 10, 85]
[34, 58, 66, 36, 84, 34, 78, 26, 52]
[63, 73, 52, 82, 87, 26, 38, 29, 98]
[93, 32, 15, 57, 76, 68, 68, 91, 90]
[46, 88, 63, 47, 66, 56, 67, 27, 71]
[38, 99, 11, 93, 66, 44, 25, 95, 71]
[80, 47, 86, 19, 36, 17, 12, 86, 93]
[62, 74, 99, 71, 77, 58, 11, 38, 36]
[19, 24, 37, 56, 39, 80, 27, 45, 49]
[27, 89, 99, 84, 71, 86, 44, 52, 81]
[22, 66, 50, 55, 77, 22, 92, 55, 99]
[62, 94, 45, 47, 19, 65, 56, 77, 93]
[97, 95, 74, 97, 39, 64, 10, 12, 88]
[73, 50, 77, 70, 57, 17, 65, 26, 19]
[68, 35, 81, 85, 57, 87, 39, 73, 69]
[75, 65, 96, 93, 99, 78, 68, 27, 26]
[88, 14, 43, 74, 57, 27, 34, 94, 23]
[49, 18, 90, 25, 19, 46, 100, 75, 16]
[53, 28, 82, 79, 45, 45, 17, 38, 63]
[40, 73, 72, 21, 97, 49, 24, 57, 23]
[45, 48, 58, 28, 90, 31, 66, 63, 67]
[46, 99, 30, 11, 66, 43, 11, 39, 73]
[100, 67, 92, 39, 40, 68, 88, 11, 56]
[84, 53, 78, 19, 79, 31, 97, 51, 73]
[14, 45, 42, 73, 47, 60, 99, 94, 80]
[68, 34, 68, 98, 84, 41, 44, 22, 58]
[65, 95, 85, 94, 46, 100, 18, 80, 43]
[14, 29, 81, 74, 74, 39, 20, 69, 70]
[28, 92, 67, 30, 100, 94, 82, 97, 95]
[80, 69, 73, 43, 64, 13, 97, 65, 87]
[29, 48, 76, 76, 78, 75, 71, 93, 53]
[55, 19, 81, 82, 33, 16, 13, 81, 35]
[33, 12, 74, 33, 25, 52, 65, 18, 90]
[95, 34, 41, 71, 77, 83, 58, 16, 39]
[100, 76, 71, 61, 81, 46, 42, 25, 38]
[84, 94, 41, 49, 76, 89, 71, 27, 37]
[60, 64, 10, 47, 30, 12, 97, 97, 48]
[56, 49, 90, 93, 53, 81, 90, 58, 52]
[87, 85, 98, 38, 66, 36, 20, 60, 51]
[83, 26, 49, 44, 73, 81, 80, 26, 81]
[84, 22, 39, 32, 78, 42, 77, 84, 42]
[26, 15, 50, 40, 64, 51, 64, 66, 48]
[85, 14, 78, 73, 18, 27, 70, 87, 66]
[91, 90, 85, 50, 98, 86, 21, 78, 80]
[67, 66, 14, 38, 83, 32, 90, 65, 19]
[99, 77, 76, 10, 40, 49, 46, 22, 68]
[46, 93, 10, 17, 60, 47, 37, 31, 32]
[35, 93, 86, 20, 44, 20, 12, 36, 10]
[10, 55, 63, 65, 35, 88, 39, 98, 41]
[88, 72, 64, 33, 46, 12, 91, 66, 35]
[14, 42, 65, 93, 16, 76, 24, 16, 100]
[94, 47, 75, 41, 80, 91, 21, 47, 38]
[86, 12, 97, 60, 66, 27, 79, 75, 17]
[40, 53, 87, 32, 64, 29, 70, 99, 34]
[20, 84, 36, 74, 51, 50, 12, 93, 39]
[30, 44, 49, 21, 46, 27, 38, 28, 15]
[15, 60, 32, 62, 40, 91, 72, 67, 30]
[26, 66, 62, 56, 25, 79, 98, 43, 55]
[37, 67, 16, 28, 91, 80, 12, 69, 88]
[26, 66, 90, 82, 80, 75, 13, 23, 81]
[41, 53, 99, 78, 44, 23, 32, 53, 79]
[45, 51, 82, 31, 41, 87, 13, 34, 12]
[70, 42, 49, 84, 12, 24, 25, 13, 20]
[87, 73, 19, 91, 67, 46, 79, 97, 94]
[50, 28, 19, 19, 81, 65, 92, 54, 62]
[38, 35, 20, 99, 38, 65, 74, 85, 49]
[83, 99, 72, 49, 35, 55, 72, 72, 96]
[33, 62, 69, 74, 18, 45, 75, 90, 28]
[43, 33, 44, 60, 33, 28, 52, 35, 89]
[16, 13, 96, 66, 74, 87, 69, 52, 83]
[63, 94, 19, 17, 32, 30, 97, 65, 85]
]
需要区間:
[
[[0, 4], [5, 12], [13, 17], [18, 23], [24, 29], [30, 34], [35, 39], [40, 44], [45, 50]]
[[0, 5], [6, 12], [13, 19], [20, 24], [25, 29], [30, 34], [35, 39], [40, 44], [45, 50]]
[[0, 5], [6, 12], [13, 17], [18, 23], [24, 28], [29, 33], [34, 38], [39, 44], [45, 50]]
[[0, 7], [8, 13], [14, 19], [20, 24], [25, 29], [30, 34], [35, 39], [40, 44], [45, 50]]
[[0, 4], [5, 11], [12, 19], [20, 24], [25, 29], [30, 34], [35, 39], [40, 44], [45, 50]]
[[0, 9], [10, 14], [15, 19], [20, 24], [25, 29], [30, 34], [35, 39], [40, 44], [45, 50]]
[[0, 9], [10, 14], [15, 19], [20, 24], [25, 29], [30, 34], [35, 39], [40, 44], [45, 50]]
[[0, 6], [7, 14], [15, 19], [20, 24], [25, 29], [30, 34], [35, 39], [40, 44], [45, 50]]
[[0, 4], [5, 13], [14, 18], [19, 24], [25, 29], [30, 34], [35, 39], [40, 44], [45, 50]]
[[0, 6], [7, 12], [13, 19], [20, 24], [25, 29], [30, 34], [35, 39], [40, 44], [45, 50]]
[[0, 8], [9, 13], [14, 18], [19, 23], [24, 29], [30, 34], [35, 39], [40, 44], [45, 50]]
[[0, 7], [8, 13], [14, 18], [19, 24], [25, 29], [30, 34], [35, 39], [40, 44], [45, 50]]
[[0, 7], [8, 12], [13, 17], [18, 22], [23, 27], [28, 34], [35, 39], [40, 44], [45, 50]]
[[0, 4], [5, 14], [15, 19], [20, 24], [25, 29], [30, 34], [35, 39], [40, 44], [45, 50]]
[[0, 5], [6, 12], [13, 19], [20, 24], [25, 29], [30, 34], [35, 39], [40, 44], [45, 50]]
[[0, 4], [5, 9], [10, 17], [18, 23], [24, 29], [30, 34], [35, 39], [40, 44], [45, 50]]
[[0, 6], [7, 11], [12, 17], [18, 22], [23, 28], [29, 33], [34, 39], [40, 44], [45, 50]]
[[0, 7], [8, 12], [13, 19], [20, 24], [25, 29], [30, 34], [35, 39], [40, 44], [45, 50]]
[[0, 5], [6, 14], [15, 19], [20, 24], [25, 29], [30, 34], [35, 39], [40, 44], [45, 50]]
[[0, 4], [5, 12], [13, 19], [20, 24], [25, 29], [30, 34], [35, 39], [40, 44], [45, 50]]
[[0, 9], [10, 14], [15, 19], [20, 24], [25, 29], [30, 34], [35, 39], [40, 44], [45, 50]]
[[0, 8], [9, 14], [15, 19], [20, 24], [25, 29], [30, 34], [35, 39], [40, 44], [45, 50]]
[[0, 8], [9, 14], [15, 19], [20, 24], [25, 29], [30, 34], [35, 39], [40, 44], [45, 50]]
[[0, 5], [6, 12], [13, 18], [19, 23], [24, 28], [29, 34], [35, 39], [40, 44], [45, 50]]
[[0, 7], [8, 13], [14, 18], [19, 23], [24, 28], [29, 33], [34, 39], [40, 44], [45, 50]]
[[0, 4], [5, 9], [10, 16], [17, 23], [24, 29], [30, 34], [35, 39], [40, 44], [45, 50]]
[[0, 6], [7, 11], [12, 19], [20, 24], [25, 29], [30, 34], [35, 39], [40, 44], [45, 50]]
[[0, 7], [8, 13], [14, 18], [19, 24], [25, 29], [30, 34], [35, 39], [40, 44], [45, 50]]
[[0, 5], [6, 13], [14, 19], [20, 24], [25, 29], [30, 34], [35, 39], [40, 44], [45, 50]]
[[0, 9], [10, 14], [15, 19], [20, 24], [25, 29], [30, 34], [35, 39], [40, 44], [45, 50]]
[[0, 4], [5, 11], [12, 16], [17, 24], [25, 29], [30, 34], [35, 39], [40, 44], [45, 50]]
[[0, 9], [10, 14], [15, 19], [20, 24], [25, 29], [30, 34], [35, 39], [40, 44], [45, 50]]
[[0, 8], [9, 13], [14, 19], [20, 24], [25, 29], [30, 34], [35, 39], [40, 44], [45, 50]]
[[0, 6], [7, 13], [14, 18], [19, 23], [24, 29], [30, 34], [35, 39], [40, 44], [45, 50]]
[[0, 7], [8, 12], [13, 18], [19, 24], [25, 29], [30, 34], [35, 39], [40, 44], [45, 50]]
[[0, 6], [7, 14], [15, 19], [20, 24], [25, 29], [30, 34], [35, 39], [40, 44], [45, 50]]
[[0, 6], [7, 13], [14, 18], [19, 23], [24, 29], [30, 34], [35, 39], [40, 44], [45, 50]]
[[0, 6], [7, 12], [13, 18], [19, 24], [25, 29], [30, 34], [35, 39], [40, 44], [45, 50]]
[[0, 8], [9, 13], [14, 19], [20, 24], [25, 29], [30, 34], [35, 39], [40, 44], [45, 50]]
[[0, 7], [8, 12], [13, 18], [19, 23], [24, 28], [29, 34], [35, 39], [40, 44], [45, 50]]
[[0, 5], [6, 13], [14, 18], [19, 23], [24, 28], [29, 33], [34, 38], [39, 43], [44, 50]]
[[0, 5], [6, 13], [14, 18], [19, 23], [24, 29], [30, 34], [35, 39], [40, 44], [45, 50]]
[[0, 7], [8, 14], [15, 19], [20, 24], [25, 29], [30, 34], [35, 39], [40, 44], [45, 50]]
[[0, 8], [9, 13], [14, 19], [20, 24], [25, 29], [30, 34], [35, 39], [40, 44], [45, 50]]
[[0, 8], [9, 14], [15, 19], [20, 24], [25, 29], [30, 34], [35, 39], [40, 44], [45, 50]]
[[0, 7], [8, 12], [13, 19], [20, 24], [25, 29], [30, 34], [35, 39], [40, 44], [45, 50]]
[[0, 9], [10, 14], [15, 19], [20, 24], [25, 29], [30, 34], [35, 39], [40, 44], [45, 50]]
[[0, 7], [8, 14], [15, 19], [20, 24], [25, 29], [30, 34], [35, 39], [40, 44], [45, 50]]
[[0, 7], [8, 13], [14, 19], [20, 24], [25, 29], [30, 34], [35, 39], [40, 44], [45, 50]]
[[0, 5], [6, 12], [13, 19], [20, 24], [25, 29], [30, 34], [35, 39], [40, 44], [45, 50]]
[[0, 8], [9, 14], [15, 19], [20, 24], [25, 29], [30, 34], [35, 39], [40, 44], [45, 50]]
[[0, 9], [10, 14], [15, 19], [20, 24], [25, 29], [30, 34], [35, 39], [40, 44], [45, 50]]
[[0, 8], [9, 14], [15, 19], [20, 24], [25, 29], [30, 34], [35, 39], [40, 44], [45, 50]]
[[0, 8], [9, 13], [14, 18], [19, 24], [25, 29], [30, 34], [35, 39], [40, 44], [45, 50]]
[[0, 6], [7, 12], [13, 19], [20, 24], [25, 29], [30, 34], [35, 39], [40, 44], [45, 50]]
[[0, 5], [6, 13], [14, 18], [19, 23], [24, 29], [30, 34], [35, 39], [40, 44], [45, 50]]
[[0, 4], [5, 9], [10, 17], [18, 22], [23, 28], [29, 34], [35, 39], [40, 44], [45, 50]]
[[0, 5], [6, 11], [12, 17], [18, 22], [23, 28], [29, 34], [35, 39], [40, 44], [45, 50]]
[[0, 4], [5, 10], [11, 18], [19, 24], [25, 29], [30, 34], [35, 39], [40, 44], [45, 50]]
[[0, 6], [7, 14], [15, 19], [20, 24], [25, 29], [30, 34], [35, 39], [40, 44], [45, 50]]
[[0, 6], [7, 14], [15, 19], [20, 24], [25, 29], [30, 34], [35, 39], [40, 44], [45, 50]]
[[0, 9], [10, 14], [15, 19], [20, 24], [25, 29], [30, 34], [35, 39], [40, 44], [45, 50]]
[[0, 7], [8, 14], [15, 19], [20, 24], [25, 29], [30, 34], [35, 39], [40, 44], [45, 50]]
[[0, 9], [10, 14], [15, 19], [20, 24], [25, 29], [30, 34], [35, 39], [40, 44], [45, 50]]
[[0, 7], [8, 12], [13, 17], [18, 23], [24, 29], [30, 34], [35, 39], [40, 44], [45, 50]]
[[0, 7], [8, 14], [15, 19], [20, 24], [25, 29], [30, 34], [35, 39], [40, 44], [45, 50]]
[[0, 6], [7, 13], [14, 19], [20, 24], [25, 29], [30, 34], [35, 39], [40, 44], [45, 50]]
[[0, 8], [9, 13], [14, 18], [19, 24], [25, 29], [30, 34], [35, 39], [40, 44], [45, 50]]
[[0, 8], [9, 13], [14, 18], [19, 23], [24, 29], [30, 34], [35, 39], [40, 44], [45, 50]]
[[0, 6], [7, 13], [14, 19], [20, 24], [25, 29], [30, 34], [35, 39], [40, 44], [45, 50]]
[[0, 5], [6, 10], [11, 17], [18, 24], [25, 29], [30, 34], [35, 39], [40, 44], [45, 50]]
[[0, 5], [6, 12], [13, 17], [18, 24], [25, 29], [30, 34], [35, 39], [40, 44], [45, 50]]
[[0, 6], [7, 14], [15, 19], [20, 24], [25, 29], [30, 34], [35, 39], [40, 44], [45, 50]]
[[0, 5], [6, 10], [11, 18], [19, 23], [24, 29], [30, 34], [35, 39], [40, 44], [45, 50]]
[[0, 4], [5, 13], [14, 19], [20, 24], [25, 29], [30, 34], [35, 39], [40, 44], [45, 50]]
[[0, 7], [8, 12], [13, 18], [19, 23], [24, 28], [29, 34], [35, 39], [40, 44], [45, 50]]
[[0, 9], [10, 14], [15, 19], [20, 24], [25, 29], [30, 34], [35, 39], [40, 44], [45, 50]]
[[0, 4], [5, 9], [10, 18], [19, 24], [25, 29], [30, 34], [35, 39], [40, 44], [45, 50]]
[[0, 8], [9, 14], [15, 19], [20, 24], [25, 29], [30, 34], [35, 39], [40, 44], [45, 50]]
[[0, 6], [7, 13], [14, 18], [19, 24], [25, 29], [30, 34], [35, 39], [40, 44], [45, 50]]
[[0, 5], [6, 14], [15, 19], [20, 24], [25, 29], [30, 34], [35, 39], [40, 44], [45, 50]]
[[0, 9], [10, 14], [15, 19], [20, 24], [25, 29], [30, 34], [35, 39], [40, 44], [45, 50]]
[[0, 9], [10, 14], [15, 19], [20, 24], [25, 29], [30, 34], [35, 39], [40, 44], [45, 50]]
[[0, 5], [6, 14], [15, 19], [20, 24], [25, 29], [30, 34], [35, 39], [40, 44], [45, 50]]
[[0, 9], [10, 14], [15, 19], [20, 24], [25, 29], [30, 34], [35, 39], [40, 44], [45, 50]]
[[0, 8], [9, 13], [14, 18], [19, 24], [25, 29], [30, 34], [35, 39], [40, 44], [45, 50]]
[[0, 6], [7, 11], [12, 16], [17, 21], [22, 27], [28, 34], [35, 39], [40, 44], [45, 50]]
[[0, 8], [9, 14], [15, 19], [20, 24], [25, 29], [30, 34], [35, 39], [40, 44], [45, 50]]
[[0, 5], [6, 14], [15, 19], [20, 24], [25, 29], [30, 34], [35, 39], [40, 44], [45, 50]]
[[0, 4], [5, 10], [11, 19], [20, 24], [25, 29], [30, 34], [35, 39], [40, 44], [45, 50]]
[[0, 9], [10, 14], [15, 19], [20, 24], [25, 29], [30, 34], [35, 39], [40, 44], [45, 50]]
[[0, 5], [6, 11], [12, 19], [20, 24], [25, 29], [30, 34], [35, 39], [40, 44], [45, 50]]
[[0, 9], [10, 14], [15, 19], [20, 24], [25, 29], [30, 34], [35, 39], [40, 44], [45, 50]]
[[0, 9], [10, 14], [15, 19], [20, 24], [25, 29], [30, 34], [35, 39], [40, 44], [45, 50]]
[[0, 4], [5, 9], [10, 15], [16, 20], [21, 26], [27, 31], [32, 37], [38, 44], [45, 50]]
[[0, 6], [7, 12], [13, 19], [20, 24], [25, 29], [30, 34], [35, 39], [40, 44], [45, 50]]
[[0, 5], [6, 10], [11, 18], [19, 24], [25, 29], [30, 34], [35, 39], [40, 44], [45, 50]]
[[0, 9], [10, 14], [15, 19], [20, 24], [25, 29], [30, 34], [35, 39], [40, 44], [45, 50]]
[[0, 8], [9, 13], [14, 19], [20, 24], [25, 29], [30, 34], [35, 39], [40, 44], [45, 50]]
[[0, 8], [9, 14], [15, 19], [20, 24], [25, 29], [30, 34], [35, 39], [40, 44], [45, 50]]
]
Max value: 5000
====================
入札者数: 100
財の個数: 50
傾き:
[
[32, 89, 95, 60, 66]
[36, 70, 95, 28, 10]
[93, 33, 28, 75, 65]
[99, 92, 80, 67, 48]
[20, 61, 90, 64, 44]
[59, 96, 93, 23, 64]
[21, 34, 50, 56, 96]
[52, 81, 30, 30, 20]
[38, 49, 52, 86, 42]
[99, 84, 23, 71, 44]
[69, 42, 35, 27, 58]
[57, 34, 10, 11, 66]
[53, 23, 59, 32, 19]
[36, 96, 26, 54, 94]
[97, 87, 13, 84, 90]
[83, 31, 59, 96, 22]
[58, 59, 80, 56, 91]
[43, 85, 32, 51, 81]
[42, 43, 27, 81, 15]
[53, 93, 79, 94, 95]
[10, 40, 46, 11, 81]
[66, 79, 87, 18, 77]
[81, 97, 23, 40, 19]
[84, 59, 83, 42, 24]
[30, 18, 30, 74, 66]
[46, 32, 100, 26, 16]
[45, 38, 70, 81, 80]
[72, 81, 89, 66, 14]
[25, 43, 18, 65, 98]
[39, 77, 15, 80, 95]
[64, 50, 86, 29, 36]
[47, 62, 78, 76, 66]
[71, 68, 82, 75, 18]
[92, 69, 23, 18, 51]
[31, 64, 42, 51, 47]
[97, 90, 71, 10, 37]
[75, 80, 37, 47, 25]
[71, 84, 100, 11, 38]
[89, 59, 13, 20, 92]
[39, 78, 47, 44, 60]
[34, 62, 95, 56, 33]
[91, 41, 71, 25, 33]
[95, 51, 36, 23, 83]
[51, 36, 73, 35, 25]
[56, 91, 79, 31, 84]
[83, 74, 57, 61, 49]
[93, 96, 60, 82, 70]
[82, 95, 36, 18, 80]
[77, 87, 98, 27, 77]
[96, 92, 82, 36, 82]
[32, 63, 35, 68, 58]
[68, 50, 40, 14, 67]
[80, 38, 43, 92, 99]
[95, 79, 91, 85, 70]
[47, 23, 42, 40, 49]
[75, 19, 43, 12, 11]
[97, 76, 85, 69, 43]
[16, 48, 65, 16, 42]
[86, 98, 34, 79, 41]
[92, 22, 52, 64, 11]
[56, 31, 58, 23, 76]
[25, 24, 96, 25, 21]
[84, 22, 57, 33, 76]
[18, 43, 48, 59, 56]
[21, 17, 18, 26, 74]
[36, 93, 43, 40, 20]
[63, 58, 31, 84, 73]
[41, 53, 12, 60, 27]
[11, 40, 62, 84, 55]
[72, 57, 97, 61, 66]
[86, 10, 66, 33, 12]
[11, 80, 94, 11, 87]
[57, 76, 47, 77, 23]
[53, 93, 40, 36, 54]
[68, 32, 92, 82, 34]
[57, 100, 23, 43, 50]
[41, 23, 92, 28, 43]
[39, 55, 87, 50, 83]
[59, 18, 93, 85, 35]
[22, 61, 99, 31, 73]
[95, 49, 86, 59, 10]
[68, 87, 46, 83, 21]
[42, 38, 68, 46, 42]
[25, 65, 41, 51, 41]
[71, 83, 12, 73, 59]
[72, 82, 65, 98, 40]
[40, 90, 28, 30, 38]
[87, 82, 85, 17, 47]
[48, 40, 47, 56, 19]
[97, 27, 50, 76, 15]
[38, 10, 92, 37, 85]
[52, 50, 47, 59, 57]
[76, 51, 52, 47, 76]
[95, 53, 60, 78, 79]
[14, 22, 31, 53, 58]
[93, 67, 74, 19, 64]
[74, 47, 74, 87, 92]
[22, 53, 68, 22, 91]
[33, 71, 14, 20, 81]
[28, 45, 90, 61, 17]
]
需要区間:
[
[[0, 9], [10, 19], [20, 29], [30, 39], [40, 50]]
[[0, 9], [10, 19], [20, 29], [30, 39], [40, 50]]
[[0, 9], [10, 19], [20, 29], [30, 39], [40, 50]]
[[0, 9], [10, 19], [20, 29], [30, 39], [40, 50]]
[[0, 9], [10, 19], [20, 29], [30, 39], [40, 50]]
[[0, 9], [10, 19], [20, 29], [30, 39], [40, 50]]
[[0, 9], [10, 19], [20, 29], [30, 39], [40, 50]]
[[0, 9], [10, 19], [20, 29], [30, 39], [40, 50]]
[[0, 9], [10, 19], [20, 29], [30, 39], [40, 50]]
[[0, 9], [10, 19], [20, 29], [30, 39], [40, 50]]
[[0, 9], [10, 19], [20, 29], [30, 39], [40, 50]]
[[0, 9], [10, 19], [20, 29], [30, 39], [40, 50]]
[[0, 9], [10, 19], [20, 29], [30, 39], [40, 50]]
[[0, 9], [10, 19], [20, 29], [30, 39], [40, 50]]
[[0, 9], [10, 19], [20, 29], [30, 39], [40, 50]]
[[0, 9], [10, 19], [20, 29], [30, 39], [40, 50]]
[[0, 9], [10, 19], [20, 29], [30, 39], [40, 50]]
[[0, 9], [10, 19], [20, 29], [30, 39], [40, 50]]
[[0, 9], [10, 19], [20, 29], [30, 39], [40, 50]]
[[0, 9], [10, 19], [20, 29], [30, 39], [40, 50]]
[[0, 9], [10, 19], [20, 29], [30, 39], [40, 50]]
[[0, 9], [10, 19], [20, 29], [30, 39], [40, 50]]
[[0, 9], [10, 19], [20, 29], [30, 39], [40, 50]]
[[0, 9], [10, 19], [20, 29], [30, 39], [40, 50]]
[[0, 9], [10, 19], [20, 29], [30, 39], [40, 50]]
[[0, 9], [10, 19], [20, 29], [30, 39], [40, 50]]
[[0, 9], [10, 19], [20, 29], [30, 39], [40, 50]]
[[0, 9], [10, 19], [20, 29], [30, 39], [40, 50]]
[[0, 9], [10, 19], [20, 29], [30, 39], [40, 50]]
[[0, 9], [10, 19], [20, 29], [30, 39], [40, 50]]
[[0, 9], [10, 19], [20, 29], [30, 39], [40, 50]]
[[0, 9], [10, 19], [20, 29], [30, 39], [40, 50]]
[[0, 9], [10, 19], [20, 29], [30, 39], [40, 50]]
[[0, 9], [10, 19], [20, 29], [30, 39], [40, 50]]
[[0, 9], [10, 19], [20, 29], [30, 39], [40, 50]]
[[0, 9], [10, 19], [20, 29], [30, 39], [40, 50]]
[[0, 9], [10, 19], [20, 29], [30, 39], [40, 50]]
[[0, 9], [10, 19], [20, 29], [30, 39], [40, 50]]
[[0, 9], [10, 19], [20, 29], [30, 39], [40, 50]]
[[0, 9], [10, 19], [20, 29], [30, 39], [40, 50]]
[[0, 9], [10, 19], [20, 29], [30, 39], [40, 50]]
[[0, 9], [10, 19], [20, 29], [30, 39], [40, 50]]
[[0, 9], [10, 19], [20, 29], [30, 39], [40, 50]]
[[0, 9], [10, 19], [20, 29], [30, 39], [40, 50]]
[[0, 9], [10, 19], [20, 29], [30, 39], [40, 50]]
[[0, 9], [10, 19], [20, 29], [30, 39], [40, 50]]
[[0, 9], [10, 19], [20, 29], [30, 39], [40, 50]]
[[0, 9], [10, 19], [20, 29], [30, 39], [40, 50]]
[[0, 9], [10, 19], [20, 29], [30, 39], [40, 50]]
[[0, 9], [10, 19], [20, 29], [30, 39], [40, 50]]
[[0, 9], [10, 19], [20, 29], [30, 39], [40, 50]]
[[0, 9], [10, 19], [20, 29], [30, 39], [40, 50]]
[[0, 9], [10, 19], [20, 29], [30, 39], [40, 50]]
[[0, 9], [10, 19], [20, 29], [30, 39], [40, 50]]
[[0, 9], [10, 19], [20, 29], [30, 39], [40, 50]]
[[0, 9], [10, 19], [20, 29], [30, 39], [40, 50]]
[[0, 9], [10, 19], [20, 29], [30, 39], [40, 50]]
[[0, 9], [10, 19], [20, 29], [30, 39], [40, 50]]
[[0, 9], [10, 19], [20, 29], [30, 39], [40, 50]]
[[0, 9], [10, 19], [20, 29], [30, 39], [40, 50]]
[[0, 9], [10, 19], [20, 29], [30, 39], [40, 50]]
[[0, 9], [10, 19], [20, 29], [30, 39], [40, 50]]
[[0, 9], [10, 19], [20, 29], [30, 39], [40, 50]]
[[0, 9], [10, 19], [20, 29], [30, 39], [40, 50]]
[[0, 9], [10, 19], [20, 29], [30, 39], [40, 50]]
[[0, 9], [10, 19], [20, 29], [30, 39], [40, 50]]
[[0, 9], [10, 19], [20, 29], [30, 39], [40, 50]]
[[0, 9], [10, 19], [20, 29], [30, 39], [40, 50]]
[[0, 9], [10, 19], [20, 29], [30, 39], [40, 50]]
[[0, 9], [10, 19], [20, 29], [30, 39], [40, 50]]
[[0, 9], [10, 19], [20, 29], [30, 39], [40, 50]]
[[0, 9], [10, 19], [20, 29], [30, 39], [40, 50]]
[[0, 9], [10, 19], [20, 29], [30, 39], [40, 50]]
[[0, 9], [10, 19], [20, 29], [30, 39], [40, 50]]
[[0, 9], [10, 19], [20, 29], [30, 39], [40, 50]]
[[0, 9], [10, 19], [20, 29], [30, 39], [40, 50]]
[[0, 9], [10, 19], [20, 29], [30, 39], [40, 50]]
[[0, 9], [10, 19], [20, 29], [30, 39], [40, 50]]
[[0, 9], [10, 19], [20, 29], [30, 39], [40, 50]]
[[0, 9], [10, 19], [20, 29], [30, 39], [40, 50]]
[[0, 9], [10, 19], [20, 29], [30, 39], [40, 50]]
[[0, 9], [10, 19], [20, 29], [30, 39], [40, 50]]
[[0, 9], [10, 19], [20, 29], [30, 39], [40, 50]]
[[0, 9], [10, 19], [20, 29], [30, 39], [40, 50]]
[[0, 9], [10, 19], [20, 29], [30, 39], [40, 50]]
[[0, 9], [10, 19], [20, 29], [30, 39], [40, 50]]
[[0, 9], [10, 19], [20, 29], [30, 39], [40, 50]]
[[0, 9], [10, 19], [20, 29], [30, 39], [40, 50]]
[[0, 9], [10, 19], [20, 29], [30, 39], [40, 50]]
[[0, 9], [10, 19], [20, 29], [30, 39], [40, 50]]
[[0, 9], [10, 19], [20, 29], [30, 39], [40, 50]]
[[0, 9], [10, 19], [20, 29], [30, 39], [40, 50]]
[[0, 9], [10, 19], [20, 29], [30, 39], [40, 50]]
[[0, 9], [10, 19], [20, 29], [30, 39], [40, 50]]
[[0, 9], [10, 19], [20, 29], [30, 39], [40, 50]]
[[0, 9], [10, 19], [20, 29], [30, 39], [40, 50]]
[[0, 9], [10, 19], [20, 29], [30, 39], [40, 50]]
[[0, 9], [10, 19], [20, 29], [30, 39], [40, 50]]
[[0, 9], [10, 19], [20, 29], [30, 39], [40, 50]]
[[0, 9], [10, 19], [20, 29], [30, 39], [40, 50]]
]
Max value: 5000
====================
入札者数: 100
財の個数: 50
傾き:
[
[66, 31, 44, 10, 79, 77, 16, 67, 53]
[15, 16, 59, 49, 30, 93, 28, 33, 33]
[66, 66, 21, 30, 91, 45, 14, 20, 91]
[60, 79, 50, 100, 26, 11, 42, 48, 46]
[99, 21, 66, 64, 41, 27, 91, 45, 85]
[41, 71, 31, 21, 21, 19, 13, 51, 28]
[57, 21, 14, 94, 45, 27, 60, 39, 86]
[80, 18, 18, 31, 51, 98, 23, 93, 54]
[30, 64, 72, 56, 45, 28, 30, 65, 26]
[79, 35, 77, 56, 28, 89, 95, 63, 26]
[46, 63, 63, 52, 47, 44, 51, 16, 62]
[95, 18, 87, 68, 81, 16, 20, 31, 32]
[30, 80, 27, 81, 11, 88, 48, 99, 17]
[23, 25, 35, 95, 31, 76, 100, 93, 85]
[63, 92, 52, 99, 83, 83, 42, 10, 45]
[12, 18, 14, 66, 56, 60, 38, 61, 17]
[96, 52, 44, 73, 92, 36, 83, 99, 44]
[14, 76, 81, 62, 35, 14, 79, 65, 56]
[86, 59, 67, 39, 87, 92, 67, 96, 87]
[15, 69, 19, 89, 68, 31, 26, 24, 60]
[50, 39, 76, 75, 72, 65, 43, 12, 18]
[19, 20, 23, 19, 90, 49, 61, 26, 84]
[75, 48, 67, 26, 63, 30, 85, 43, 60]
[14, 68, 59, 64, 17, 26, 59, 32, 37]
[68, 18, 79, 91, 63, 86, 90, 45, 79]
[69, 57, 73, 55, 36, 66, 70, 86, 99]
[24, 55, 22, 52, 97, 65, 44, 63, 38]
[35, 26, 36, 40, 52, 70, 72, 50, 15]
[13, 42, 66, 40, 70, 15, 62, 77, 79]
[21, 69, 91, 42, 82, 31, 74, 27, 13]
[73, 22, 98, 71, 69, 72, 81, 29, 79]
[52, 18, 25, 82, 56, 77, 26, 69, 28]
[13, 58, 22, 80, 60, 77, 52, 61, 11]
[29, 67, 70, 61, 66, 11, 69, 16, 87]
[89, 48, 25, 71, 59, 40, 77, 70, 32]
[72, 30, 19, 46, 27, 46, 14, 90, 76]
[73, 54, 68, 65, 89, 28, 100, 13, 75]
[54, 96, 91, 82, 99, 57, 40, 71, 96]
[51, 37, 10, 10, 51, 23, 64, 31, 57]
[51, 17, 45, 10, 34, 88, 63, 33, 90]
[22, 27, 54, 19, 78, 21, 79, 39, 83]
[55, 12, 92, 14, 90, 65, 61, 83, 10]
[41, 47, 91, 35, 54, 66, 81, 53, 89]
[70, 26, 74, 91, 15, 21, 60, 91, 80]
[17, 47, 54, 69, 38, 44, 40, 43, 70]
[67, 36, 25, 17, 64, 33, 20, 54, 93]
[53, 72, 79, 58, 42, 23, 90, 74, 21]
[79, 75, 69, 32, 58, 10, 49, 38, 67]
[100, 17, 94, 46, 48, 34, 74, 59, 67]
[50, 57, 20, 91, 62, 85, 100, 16, 12]
[81, 26, 19, 56, 19, 93, 89, 96, 22]
[31, 60, 11, 50, 40, 71, 98, 25, 16]
[69, 48, 70, 98, 41, 13, 33, 53, 10]
[28, 69, 77, 51, 45, 64, 76, 22, 25]
[40, 90, 42, 97, 54, 97, 52, 62, 53]
[48, 49, 47, 97, 56, 10, 75, 51, 97]
[24, 24, 95, 57, 72, 62, 76, 62, 59]
[66, 73, 44, 39, 47, 73, 92, 53, 11]
[75, 31, 88, 92, 93, 99, 92, 85, 66]
[55, 44, 85, 33, 29, 47, 66, 48, 59]
[86, 82, 94, 28, 97, 75, 70, 63, 53]
[55, 46, 56, 57, 98, 96, 11, 37, 16]
[78, 62, 15, 80, 55, 66, 28, 51, 84]
[82, 82, 44, 61, 92, 59, 84, 90, 34]
[48, 50, 30, 64, 99, 97, 36, 20, 67]
[23, 72, 91, 78, 13, 40, 27, 91, 71]
[73, 42, 36, 92, 49, 85, 20, 70, 22]
[16, 70, 63, 67, 72, 64, 19, 32, 22]
[23, 93, 51, 81, 75, 43, 84, 29, 49]
[37, 24, 42, 89, 65, 65, 91, 82, 48]
[25, 45, 76, 21, 73, 71, 61, 51, 93]
[36, 71, 19, 18, 73, 61, 53, 28, 56]
[77, 33, 76, 36, 71, 93, 94, 99, 39]
[20, 72, 91, 77, 50, 47, 16, 29, 56]
[98, 85, 84, 30, 29, 73, 33, 77, 100]
[53, 98, 38, 60, 75, 78, 61, 21, 97]
[42, 15, 33, 14, 16, 95, 71, 94, 85]
[99, 24, 74, 12, 81, 17, 15, 78, 96]
[48, 72, 86, 33, 44, 36, 88, 44, 32]
[38, 34, 74, 10, 45, 57, 47, 10, 72]
[41, 19, 95, 41, 79, 79, 93, 69, 60]
[41, 85, 44, 35, 28, 67, 17, 48, 79]
[71, 22, 22, 89, 21, 94, 28, 57, 92]
[26, 40, 50, 18, 64, 71, 74, 24, 39]
[12, 15, 86, 61, 97, 43, 99, 17, 24]
[10, 56, 97, 25, 34, 66, 80, 49, 66]
[12, 33, 24, 44, 64, 84, 49, 19, 46]
[68, 11, 99, 41, 98, 97, 91, 10, 87]
[13, 91, 93, 29, 89, 69, 17, 37, 42]
[74, 57, 26, 31, 72, 51, 47, 20, 91]
[45, 19, 38, 85, 12, 15, 40, 68, 11]
[54, 50, 13, 81, 59, 31, 65, 89, 36]
[66, 82, 83, 74, 83, 53, 36, 22, 20]
[43, 63, 11, 43, 53, 23, 77, 12, 30]
[95, 22, 12, 89, 64, 28, 10, 76, 39]
[86, 48, 34, 37, 38, 82, 74, 26, 54]
[45, 43, 17, 68, 47, 61, 87, 99, 67]
[89, 79, 47, 72, 63, 65, 57, 98, 67]
[24, 59, 94, 44, 72, 39, 35, 95, 27]
[56, 24, 58, 76, 16, 78, 93, 94, 58]
]
需要区間:
[
[[0, 6], [7, 13], [14, 19], [20, 24], [25, 29], [30, 34], [35, 39], [40, 44], [45, 50]]
[[0, 7], [8, 12], [13, 19], [20, 24], [25, 29], [30, 34], [35, 39], [40, 44], [45, 50]]
[[0, 5], [6, 10], [11, 16], [17, 24], [25, 29], [30, 34], [35, 39], [40, 44], [45, 50]]
[[0, 7], [8, 13], [14, 18], [19, 23], [24, 28], [29, 34], [35, 39], [40, 44], [45, 50]]
[[0, 4], [5, 14], [15, 19], [20, 24], [25, 29], [30, 34], [35, 39], [40, 44], [45, 50]]
[[0, 7], [8, 12], [13, 17], [18, 24], [25, 29], [30, 34], [35, 39], [40, 44], [45, 50]]
[[0, 4], [5, 10], [11, 19], [20, 24], [25, 29], [30, 34], [35, 39], [40, 44], [45, 50]]
[[0, 8], [9, 13], [14, 19], [20, 24], [25, 29], [30, 34], [35, 39], [40, 44], [45, 50]]
[[0, 8], [9, 14], [15, 19], [20, 24], [25, 29], [30, 34], [35, 39], [40, 44], [45, 50]]
[[0, 4], [5, 11], [12, 16], [17, 21], [22, 29], [30, 34], [35, 39], [40, 44], [45, 50]]
[[0, 6], [7, 13], [14, 18], [19, 23], [24, 29], [30, 34], [35, 39], [40, 44], [45, 50]]
[[0, 7], [8, 13], [14, 18], [19, 24], [25, 29], [30, 34], [35, 39], [40, 44], [45, 50]]
[[0, 5], [6, 11], [12, 16], [17, 21], [22, 26], [27, 31], [32, 38], [39, 44], [45, 50]]
[[0, 8], [9, 13], [14, 18], [19, 24], [25, 29], [30, 34], [35, 39], [40, 44], [45, 50]]
[[0, 8], [9, 14], [15, 19], [20, 24], [25, 29], [30, 34], [35, 39], [40, 44], [45, 50]]
[[0, 9], [10, 14], [15, 19], [20, 24], [25, 29], [30, 34], [35, 39], [40, 44], [45, 50]]
[[0, 8], [9, 14], [15, 19], [20, 24], [25, 29], [30, 34], [35, 39], [40, 44], [45, 50]]
[[0, 4], [5, 14], [15, 19], [20, 24], [25, 29], [30, 34], [35, 39], [40, 44], [45, 50]]
[[0, 5], [6, 13], [14, 18], [19, 24], [25, 29], [30, 34], [35, 39], [40, 44], [45, 50]]
[[0, 6], [7, 11], [12, 17], [18, 22], [23, 27], [28, 32], [33, 39], [40, 44], [45, 50]]
[[0, 4], [5, 13], [14, 18], [19, 24], [25, 29], [30, 34], [35, 39], [40, 44], [45, 50]]
[[0, 4], [5, 9], [10, 15], [16, 23], [24, 29], [30, 34], [35, 39], [40, 44], [45, 50]]
[[0, 8], [9, 13], [14, 18], [19, 23], [24, 29], [30, 34], [35, 39], [40, 44], [45, 50]]
[[0, 7], [8, 13], [14, 18], [19, 24], [25, 29], [30, 34], [35, 39], [40, 44], [45, 50]]
[[0, 9], [10, 14], [15, 19], [20, 24], [25, 29], [30, 34], [35, 39], [40, 44], [45, 50]]
[[0, 4], [5, 14], [15, 19], [20, 24], [25, 29], [30, 34], [35, 39], [40, 44], [45, 50]]
[[0, 7], [8, 12], [13, 19], [20, 24], [25, 29], [30, 34], [35, 39], [40, 44], [45, 50]]
[[0, 6], [7, 13], [14, 19], [20, 24], [25, 29], [30, 34], [35, 39], [40, 44], [45, 50]]
[[0, 5], [6, 10], [11, 19], [20, 24], [25, 29], [30, 34], [35, 39], [40, 44], [45, 50]]
[[0, 5], [6, 12], [13, 18], [19, 24], [25, 29], [30, 34], [35, 39], [40, 44], [45, 50]]
[[0, 9], [10, 14], [15, 19], [20, 24], [25, 29], [30, 34], [35, 39], [40, 44], [45, 50]]
[[0, 9], [10, 14], [15, 19], [20, 24], [25, 29], [30, 34], [35, 39], [40, 44], [45, 50]]
[[0, 6], [7, 12], [13, 18], [19, 23], [24, 29], [30, 34], [35, 39], [40, 44], [45, 50]]
[[0, 9], [10, 14], [15, 19], [20, 24], [25, 29], [30, 34], [35, 39], [40, 44], [45, 50]]
[[0, 8], [9, 13], [14, 19], [20, 24], [25, 29], [30, 34], [35, 39], [40, 44], [45, 50]]
[[0, 7], [8, 13], [14, 18], [19, 23], [24, 29], [30, 34], [35, 39], [40, 44], [45, 50]]
[[0, 9], [10, 14], [15, 19], [20, 24], [25, 29], [30, 34], [35, 39], [40, 44], [45, 50]]
[[0, 8], [9, 13], [14, 18], [19, 23], [24, 29], [30, 34], [35, 39], [40, 44], [45, 50]]
[[0, 8], [9, 13], [14, 18], [19, 24], [25, 29], [30, 34], [35, 39], [40, 44], [45, 50]]
[[0, 6], [7, 13], [14, 18], [19, 24], [25, 29], [30, 34], [35, 39], [40, 44], [45, 50]]
[[0, 4], [5, 14], [15, 19], [20, 24], [25, 29], [30, 34], [35, 39], [40, 44], [45, 50]]
[[0, 6], [7, 12], [13, 17], [18, 23], [24, 28], [29, 33], [34, 39], [40, 44], [45, 50]]
[[0, 9], [10, 14], [15, 19], [20, 24], [25, 29], [30, 34], [35, 39], [40, 44], [45, 50]]
[[0, 5], [6, 10], [11, 17], [18, 23], [24, 29], [30, 34], [35, 39], [40, 44], [45, 50]]
[[0, 9], [10, 14], [15, 19], [20, 24], [25, 29], [30, 34], [35, 39], [40, 44], [45, 50]]
[[0, 8], [9, 13], [14, 19], [20, 24], [25, 29], [30, 34], [35, 39], [40, 44], [45, 50]]
[[0, 4], [5, 14], [15, 19], [20, 24], [25, 29], [30, 34], [35, 39], [40, 44], [45, 50]]
[[0, 4], [5, 14], [15, 19], [20, 24], [25, 29], [30, 34], [35, 39], [40, 44], [45, 50]]
[[0, 7], [8, 12], [13, 17], [18, 24], [25, 29], [30, 34], [35, 39], [40, 44], [45, 50]]
[[0, 6], [7, 13], [14, 18], [19, 23], [24, 29], [30, 34], [35, 39], [40, 44], [45, 50]]
[[0, 7], [8, 13], [14, 18], [19, 24], [25, 29], [30, 34], [35, 39], [40, 44], [45, 50]]
[[0, 8], [9, 13], [14, 18], [19, 24], [25, 29], [30, 34], [35, 39], [40, 44], [45, 50]]
[[0, 5], [6, 13], [14, 19], [20, 24], [25, 29], [30, 34], [35, 39], [40, 44], [45, 50]]
[[0, 6], [7, 12], [13, 19], [20, 24], [25, 29], [30, 34], [35, 39], [40, 44], [45, 50]]
[[0, 4], [5, 9], [10, 15], [16, 23], [24, 29], [30, 34], [35, 39], [40, 44], [45, 50]]
[[0, 8], [9, 14], [15, 19], [20, 24], [25, 29], [30, 34], [35, 39], [40, 44], [45, 50]]
[[0, 4], [5, 9], [10, 17], [18, 23], [24, 29], [30, 34], [35, 39], [40, 44], [45, 50]]
[[0, 9], [10, 14], [15, 19], [20, 24], [25, 29], [30, 34], [35, 39], [40, 44], [45, 50]]
[[0, 7], [8, 14], [15, 19], [20, 24], [25, 29], [30, 34], [35, 39], [40, 44], [45, 50]]
[[0, 9], [10, 14], [15, 19], [20, 24], [25, 29], [30, 34], [35, 39], [40, 44], [45, 50]]
[[0, 8], [9, 14], [15, 19], [20, 24], [25, 29], [30, 34], [35, 39], [40, 44], [45, 50]]
[[0, 8], [9, 14], [15, 19], [20, 24], [25, 29], [30, 34], [35, 39], [40, 44], [45, 50]]
[[0, 6], [7, 13], [14, 19], [20, 24], [25, 29], [30, 34], [35, 39], [40, 44], [45, 50]]
[[0, 7], [8, 14], [15, 19], [20, 24], [25, 29], [30, 34], [35, 39], [40, 44], [45, 50]]
[[0, 6], [7, 12], [13, 18], [19, 23], [24, 29], [30, 34], [35, 39], [40, 44], [45, 50]]
[[0, 5], [6, 12], [13, 18], [19, 23], [24, 28], [29, 33], [34, 38], [39, 44], [45, 50]]
[[0, 5], [6, 11], [12, 17], [18, 23], [24, 28], [29, 34], [35, 39], [40, 44], [45, 50]]
[[0, 8], [9, 14], [15, 19], [20, 24], [25, 29], [30, 34], [35, 39], [40, 44], [45, 50]]
[[0, 6], [7, 12], [13, 19], [20, 24], [25, 29], [30, 34], [35, 39], [40, 44], [45, 50]]
[[0, 6], [7, 12], [13, 19], [20, 24], [25, 29], [30, 34], [35, 39], [40, 44], [45, 50]]
[[0, 7], [8, 13], [14, 18], [19, 24], [25, 29], [30, 34], [35, 39], [40, 44], [45, 50]]
[[0, 5], [6, 12], [13, 18], [19, 23], [24, 29], [30, 34], [35, 39], [40, 44], [45, 50]]
[[0, 9], [10, 14], [15, 19], [20, 24], [25, 29], [30, 34], [35, 39], [40, 44], [45, 50]]
[[0, 6], [7, 14], [15, 19], [20, 24], [25, 29], [30, 34], [35, 39], [40, 44], [45, 50]]
[[0, 4], [5, 10], [11, 18], [19, 23], [24, 29], [30, 34], [35, 39], [40, 44], [45, 50]]
[[0, 6], [7, 14], [15, 19], [20, 24], [25, 29], [30, 34], [35, 39], [40, 44], [45, 50]]
[[0, 6], [7, 12], [13, 19], [20, 24], [25, 29], [30, 34], [35, 39], [40, 44], [45, 50]]
[[0, 5], [6, 11], [12, 17], [18, 22], [23, 27], [28, 34], [35, 39], [40, 44], [45, 50]]
[[0, 8], [9, 13], [14, 19], [20, 24], [25, 29], [30, 34], [35, 39], [40, 44], [45, 50]]
[[0, 9], [10, 14], [15, 19], [20, 24], [25, 29], [30, 34], [35, 39], [40, 44], [45, 50]]
[[0, 5], [6, 12], [13, 19], [20, 24], [25, 29], [30, 34], [35, 39], [40, 44], [45, 50]]
[[0, 7], [8, 14], [15, 19], [20, 24], [25, 29], [30, 34], [35, 39], [40, 44], [45, 50]]
[[0, 5], [6, 12], [13, 19], [20, 24], [25, 29], [30, 34], [35, 39], [40, 44], [45, 50]]
[[0, 7], [8, 14], [15, 19], [20, 24], [25, 29], [30, 34], [35, 39], [40, 44], [45, 50]]
[[0, 8], [9, 13], [14, 19], [20, 24], [25, 29], [30, 34], [35, 39], [40, 44], [45, 50]]
[[0, 6], [7, 13], [14, 19], [20, 24], [25, 29], [30, 34], [35, 39], [40, 44], [45, 50]]
[[0, 9], [10, 14], [15, 19], [20, 24], [25, 29], [30, 34], [35, 39], [40, 44], [45, 50]]
[[0, 8], [9, 14], [15, 19], [20, 24], [25, 29], [30, 34], [35, 39], [40, 44], [45, 50]]
[[0, 6], [7, 14], [15, 19], [20, 24], [25, 29], [30, 34], [35, 39], [40, 44], [45, 50]]
[[0, 8], [9, 14], [15, 19], [20, 24], [25, 29], [30, 34], [35, 39], [40, 44], [45, 50]]
[[0, 5], [6, 12], [13, 18], [19, 23], [24, 29], [30, 34], [35, 39], [40, 44], [45, 50]]
[[0, 7], [8, 12], [13, 18], [19, 23], [24, 28], [29, 34], [35, 39], [40, 44], [45, 50]]
[[0, 5], [6, 10], [11, 17], [18, 23], [24, 28], [29, 34], [35, 39], [40, 44], [45, 50]]
[[0, 7], [8, 12], [13, 18], [19, 23], [24, 28], [29, 33], [34, 38], [39, 43], [44, 50]]
[[0, 4], [5, 13], [14, 19], [20, 24], [25, 29], [30, 34], [35, 39], [40, 44], [45, 50]]
[[0, 5], [6, 13], [14, 19], [20, 24], [25, 29], [30, 34], [35, 39], [40, 44], [45, 50]]
[[0, 5], [6, 13], [14, 19], [20, 24], [25, 29], [30, 34], [35, 39], [40, 44], [45, 50]]
[[0, 9], [10, 14], [15, 19], [20, 24], [25, 29], [30, 34], [35, 39], [40, 44], [45, 50]]
[[0, 5], [6, 10], [11, 17], [18, 23], [24, 29], [30, 34], [35, 39], [40, 44], [45, 50]]
[[0, 7], [8, 14], [15, 19], [20, 24], [25, 29], [30, 34], [35, 39], [40, 44], [45, 50]]
]
Max value: 5000
====================
入札者数: 100
財の個数: 50
傾き:
[
[15, 52, 34, 43, 59, 36, 90, 16, 60]
[93, 54, 83, 33, 31, 96, 26, 28, 29]
[15, 93, 33, 74, 93, 78, 70, 40, 77]
[54, 49, 22, 88, 43, 23, 26, 64, 34]
[10, 44, 47, 89, 29, 39, 31, 92, 79]
[63, 17, 98, 99, 65, 24, 62, 94, 79]
[36, 59, 17, 76, 94, 12, 25, 18, 14]
[81, 51, 11, 15, 49, 90, 57, 64, 84]
[14, 49, 25, 88, 28, 10, 94, 13, 28]
[92, 51, 87, 62, 83, 97, 99, 18, 53]
[49, 66, 74, 84, 21, 44, 33, 78, 38]
[76, 68, 57, 29, 36, 65, 67, 45, 65]
[26, 48, 60, 59, 24, 55, 34, 91, 54]
[94, 96, 85, 86, 39, 41, 72, 83, 20]
[93, 18, 86, 43, 51, 82, 26, 24, 64]
[89, 34, 72, 66, 46, 39, 78, 13, 75]
[63, 32, 36, 96, 61, 38, 21, 63, 98]
[38, 34, 51, 58, 79, 79, 98, 77, 66]
[50, 73, 53, 39, 89, 84, 13, 95, 14]
[18, 100, 30, 44, 88, 39, 79, 19, 17]
[63, 96, 88, 27, 72, 69, 61, 79, 44]
[58, 24, 80, 48, 18, 95, 75, 66, 99]
[71, 18, 34, 33, 47, 70, 86, 50, 89]
[63, 64, 71, 52, 44, 13, 34, 77, 53]
[68, 95, 67, 30, 32, 85, 83, 60, 24]
[11, 36, 19, 58, 62, 59, 66, 96, 32]
[79, 59, 33, 40, 10, 43, 17, 49, 20]
[13, 24, 57, 28, 24, 27, 17, 80, 43]
[53, 86, 79, 87, 84, 11, 47, 58, 24]
[45, 45, 94, 50, 91, 32, 94, 88, 56]
[18, 90, 62, 70, 64, 39, 36, 87, 12]
[30, 53, 24, 30, 31, 87, 77, 87, 76]
[45, 16, 86, 12, 70, 79, 34, 13, 60]
[44, 100, 49, 62, 15, 48, 38, 18, 70]
[91, 96, 34, 18, 67, 80, 71, 17, 84]
[44, 97, 87, 73, 23, 67, 16, 84, 38]
[88, 54, 17, 69, 96, 38, 76, 37, 14]
[11, 12, 75, 40, 93, 68, 43, 22, 98]
[81, 13, 97, 24, 85, 54, 60, 33, 11]
[33, 49, 74, 88, 83, 91, 26, 78, 27]
[11, 61, 48, 85, 40, 83, 59, 23, 40]
[45, 49, 34, 68, 54, 55, 51, 84, 54]
[38, 27, 14, 21, 24, 100, 38, 13, 11]
[27, 41, 75, 37, 57, 97, 89, 26, 60]
[37, 92, 57, 69, 77, 47, 16, 99, 43]
[88, 79, 85, 28, 46, 21, 52, 11, 22]
[40, 12, 46, 43, 50, 56, 27, 67, 58]
[11, 27, 37, 92, 67, 29, 55, 65, 85]
[62, 52, 46, 42, 12, 38, 50, 44, 67]
[81, 81, 71, 99, 78, 27, 38, 53, 22]
[44, 41, 84, 15, 90, 34, 91, 79, 89]
[15, 66, 78, 26, 55, 15, 94, 56, 83]
[85, 55, 47, 17, 34, 69, 28, 65, 64]
[75, 20, 15, 98, 99, 17, 75, 86, 76]
[27, 86, 41, 83, 54, 42, 63, 72, 12]
[88, 67, 54, 24, 64, 70, 39, 55, 15]
[70, 50, 86, 90, 71, 25, 30, 13, 33]
[21, 84, 23, 78, 22, 45, 36, 89, 32]
[33, 78, 76, 44, 52, 29, 75, 46, 78]
[55, 80, 50, 23, 29, 47, 96, 93, 17]
[36, 35, 56, 48, 40, 29, 24, 64, 55]
[34, 18, 98, 54, 25, 77, 48, 22, 44]
[99, 68, 38, 74, 49, 40, 23, 79, 96]
[16, 21, 28, 84, 27, 78, 85, 42, 18]
[19, 22, 83, 100, 84, 47, 75, 71, 78]
[94, 84, 20, 92, 30, 24, 48, 84, 32]
[40, 93, 100, 59, 96, 10, 84, 93, 91]
[88, 19, 85, 44, 64, 40, 76, 93, 86]
[16, 71, 82, 95, 24, 74, 25, 24, 24]
[32, 35, 50, 95, 91, 43, 78, 17, 82]
[85, 85, 16, 35, 84, 89, 67, 46, 80]
[54, 32, 54, 18, 27, 96, 34, 19, 46]
[19, 71, 20, 40, 37, 13, 31, 27, 61]
[83, 82, 17, 30, 48, 92, 70, 81, 14]
[88, 33, 77, 24, 66, 50, 68, 74, 98]
[32, 37, 75, 68, 67, 75, 82, 54, 51]
[51, 46, 25, 59, 43, 93, 35, 82, 16]
[11, 79, 32, 57, 39, 23, 96, 63, 14]
[99, 60, 44, 73, 56, 32, 71, 14, 27]
[21, 93, 34, 53, 41, 27, 18, 38, 96]
[75, 98, 78, 80, 81, 22, 31, 30, 67]
[52, 85, 39, 93, 87, 60, 75, 43, 39]
[68, 11, 77, 18, 51, 31, 23, 15, 18]
[60, 67, 80, 51, 100, 70, 90, 40, 51]
[42, 73, 49, 84, 43, 23, 33, 18, 48]
[81, 47, 81, 41, 34, 20, 99, 92, 66]
[98, 27, 67, 41, 18, 72, 68, 24, 62]
[82, 21, 56, 25, 92, 92, 80, 53, 70]
[64, 81, 41, 86, 84, 91, 99, 76, 23]
[20, 32, 31, 33, 48, 63, 77, 24, 71]
[24, 86, 75, 23, 62, 87, 26, 71, 13]
[50, 54, 57, 61, 17, 94, 12, 91, 11]
[46, 47, 74, 92, 33, 27, 68, 92, 28]
[81, 55, 74, 46, 19, 27, 39, 10, 83]
[34, 24, 55, 92, 63, 32, 98, 28, 58]
[15, 58, 46, 94, 91, 41, 76, 87, 40]
[63, 15, 10, 97, 73, 26, 11, 36, 61]
[69, 45, 79, 22, 18, 53, 44, 14, 32]
[22, 12, 36, 62, 25, 47, 62, 86, 96]
[43, 23, 45, 61, 93, 62, 73, 74, 85]
]
需要区間:
[
[[0, 4], [5, 10], [11, 16], [17, 24], [25, 29], [30, 34], [35, 39], [40, 44], [45, 50]]
[[0, 4], [5, 13], [14, 19], [20, 24], [25, 29], [30, 34], [35, 39], [40, 44], [45, 50]]
[[0, 4], [5, 10], [11, 16], [17, 22], [23, 28], [29, 34], [35, 39], [40, 44], [45, 50]]
[[0, 6], [7, 13], [14, 18], [19, 24], [25, 29], [30, 34], [35, 39], [40, 44], [45, 50]]
[[0, 4], [5, 14], [15, 19], [20, 24], [25, 29], [30, 34], [35, 39], [40, 44], [45, 50]]
[[0, 4], [5, 13], [14, 19], [20, 24], [25, 29], [30, 34], [35, 39], [40, 44], [45, 50]]
[[0, 4], [5, 9], [10, 17], [18, 24], [25, 29], [30, 34], [35, 39], [40, 44], [45, 50]]
[[0, 5], [6, 10], [11, 17], [18, 22], [23, 27], [28, 33], [34, 39], [40, 44], [45, 50]]
[[0, 5], [6, 12], [13, 18], [19, 23], [24, 28], [29, 33], [34, 38], [39, 43], [44, 50]]
[[0, 6], [7, 12], [13, 18], [19, 23], [24, 29], [30, 34], [35, 39], [40, 44], [45, 50]]
[[0, 4], [5, 11], [12, 16], [17, 23], [24, 29], [30, 34], [35, 39], [40, 44], [45, 50]]
[[0, 6], [7, 13], [14, 19], [20, 24], [25, 29], [30, 34], [35, 39], [40, 44], [45, 50]]
[[0, 5], [6, 14], [15, 19], [20, 24], [25, 29], [30, 34], [35, 39], [40, 44], [45, 50]]
[[0, 8], [9, 13], [14, 19], [20, 24], [25, 29], [30, 34], [35, 39], [40, 44], [45, 50]]
[[0, 9], [10, 14], [15, 19], [20, 24], [25, 29], [30, 34], [35, 39], [40, 44], [45, 50]]
[[0, 8], [9, 14], [15, 19], [20, 24], [25, 29], [30, 34], [35, 39], [40, 44], [45, 50]]
[[0, 6], [7, 14], [15, 19], [20, 24], [25, 29], [30, 34], [35, 39], [40, 44], [45, 50]]
[[0, 5], [6, 11], [12, 18], [19, 24], [25, 29], [30, 34], [35, 39], [40, 44], [45, 50]]
[[0, 5], [6, 14], [15, 19], [20, 24], [25, 29], [30, 34], [35, 39], [40, 44], [45, 50]]
[[0, 7], [8, 13], [14, 19], [20, 24], [25, 29], [30, 34], [35, 39], [40, 44], [45, 50]]
[[0, 6], [7, 11], [12, 16], [17, 23], [24, 28], [29, 33], [34, 38], [39, 44], [45, 50]]
[[0, 8], [9, 14], [15, 19], [20, 24], [25, 29], [30, 34], [35, 39], [40, 44], [45, 50]]
[[0, 6], [7, 13], [14, 18], [19, 24], [25, 29], [30, 34], [35, 39], [40, 44], [45, 50]]
[[0, 5], [6, 10], [11, 16], [17, 24], [25, 29], [30, 34], [35, 39], [40, 44], [45, 50]]
[[0, 4], [5, 9], [10, 16], [17, 21], [22, 27], [28, 32], [33, 39], [40, 44], [45, 50]]
[[0, 5], [6, 14], [15, 19], [20, 24], [25, 29], [30, 34], [35, 39], [40, 44], [45, 50]]
[[0, 9], [10, 14], [15, 19], [20, 24], [25, 29], [30, 34], [35, 39], [40, 44], [45, 50]]
[[0, 9], [10, 14], [15, 19], [20, 24], [25, 29], [30, 34], [35, 39], [40, 44], [45, 50]]
[[0, 9], [10, 14], [15, 19], [20, 24], [25, 29], [30, 34], [35, 39], [40, 44], [45, 50]]
[[0, 7], [8, 12], [13, 18], [19, 24], [25, 29], [30, 34], [35, 39], [40, 44], [45, 50]]
[[0, 6], [7, 13], [14, 18], [19, 24], [25, 29], [30, 34], [35, 39], [40, 44], [45, 50]]
[[0, 6], [7, 14], [15, 19], [20, 24], [25, 29], [30, 34], [35, 39], [40, 44], [45, 50]]
[[0, 9], [10, 14], [15, 19], [20, 24], [25, 29], [30, 34], [35, 39], [40, 44], [45, 50]]
[[0, 4], [5, 12], [13, 19], [20, 24], [25, 29], [30, 34], [35, 39], [40, 44], [45, 50]]
[[0, 8], [9, 14], [15, 19], [20, 24], [25, 29], [30, 34], [35, 39], [40, 44], [45, 50]]
[[0, 9], [10, 14], [15, 19], [20, 24], [25, 29], [30, 34], [35, 39], [40, 44], [45, 50]]
[[0, 7], [8, 12], [13, 18], [19, 24], [25, 29], [30, 34], [35, 39], [40, 44], [45, 50]]
[[0, 8], [9, 14], [15, 19], [20, 24], [25, 29], [30, 34], [35, 39], [40, 44], [45, 50]]
[[0, 6], [7, 11], [12, 18], [19, 24], [25, 29], [30, 34], [35, 39], [40, 44], [45, 50]]
[[0, 9], [10, 14], [15, 19], [20, 24], [25, 29], [30, 34], [35, 39], [40, 44], [45, 50]]
[[0, 9], [10, 14], [15, 19], [20, 24], [25, 29], [30, 34], [35, 39], [40, 44], [45, 50]]
[[0, 4], [5, 9], [10, 17], [18, 22], [23, 29], [30, 34], [35, 39], [40, 44], [45, 50]]
[[0, 8], [9, 14], [15, 19], [20, 24], [25, 29], [30, 34], [35, 39], [40, 44], [45, 50]]
[[0, 9], [10, 14], [15, 19], [20, 24], [25, 29], [30, 34], [35, 39], [40, 44], [45, 50]]
[[0, 4], [5, 9], [10, 14], [15, 23], [24, 29], [30, 34], [35, 39], [40, 44], [45, 50]]
[[0, 5], [6, 12], [13, 19], [20, 24], [25, 29], [30, 34], [35, 39], [40, 44], [45, 50]]
[[0, 8], [9, 14], [15, 19], [20, 24], [25, 29], [30, 34], [35, 39], [40, 44], [45, 50]]
[[0, 6], [7, 11], [12, 18], [19, 23], [24, 29], [30, 34], [35, 39], [40, 44], [45, 50]]
[[0, 7], [8, 14], [15, 19], [20, 24], [25, 29], [30, 34], [35, 39], [40, 44], [45, 50]]
[[0, 7], [8, 12], [13, 19], [20, 24], [25, 29], [30, 34], [35, 39], [40, 44], [45, 50]]
[[0, 5], [6, 11], [12, 16], [17, 23], [24, 29], [30, 34], [35, 39], [40, 44], [45, 50]]
[[0, 9], [10, 14], [15, 19], [20, 24], [25, 29], [30, 34], [35, 39], [40, 44], [45, 50]]
[[0, 5], [6, 12], [13, 19], [20, 24], [25, 29], [30, 34], [35, 39], [40, 44], [45, 50]]
[[0, 9], [10, 14], [15, 19], [20, 24], [25, 29], [30, 34], [35, 39], [40, 44], [45, 50]]
[[0, 6], [7, 14], [15, 19], [20, 24], [25, 29], [30, 34], [35, 39], [40, 44], [45, 50]]
[[0, 8], [9, 14], [15, 19], [20, 24], [25, 29], [30, 34], [35, 39], [40, 44], [45, 50]]
[[0, 8], [9, 14], [15, 19], [20, 24], [25, 29], [30, 34], [35, 39], [40, 44], [45, 50]]
[[0, 8], [9, 13], [14, 18], [19, 23], [24, 28], [29, 33], [34, 38], [39, 44], [45, 50]]
[[0, 8], [9, 13], [14, 18], [19, 23], [24, 29], [30, 34], [35, 39], [40, 44], [45, 50]]
[[0, 4], [5, 10], [11, 17], [18, 23], [24, 28], [29, 34], [35, 39], [40, 44], [45, 50]]
[[0, 7], [8, 13], [14, 18], [19, 24], [25, 29], [30, 34], [35, 39], [40, 44], [45, 50]]
[[0, 5], [6, 14], [15, 19], [20, 24], [25, 29], [30, 34], [35, 39], [40, 44], [45, 50]]
[[0, 6], [7, 12], [13, 17], [18, 23], [24, 29], [30, 34], [35, 39], [40, 44], [45, 50]]
[[0, 7], [8, 13], [14, 19], [20, 24], [25, 29], [30, 34], [35, 39], [40, 44], [45, 50]]
[[0, 6], [7, 11], [12, 17], [18, 23], [24, 29], [30, 34], [35, 39], [40, 44], [45, 50]]
[[0, 7], [8, 13], [14, 18], [19, 24], [25, 29], [30, 34], [35, 39], [40, 44], [45, 50]]
[[0, 5], [6, 11], [12, 19], [20, 24], [25, 29], [30, 34], [35, 39], [40, 44], [45, 50]]
[[0, 6], [7, 11], [12, 16], [17, 21], [22, 28], [29, 33], [34, 39], [40, 44], [45, 50]]
[[0, 9], [10, 14], [15, 19], [20, 24], [25, 29], [30, 34], [35, 39], [40, 44], [45, 50]]
[[0, 6], [7, 12], [13, 18], [19, 24], [25, 29], [30, 34], [35, 39], [40, 44], [45, 50]]
[[0, 8], [9, 14], [15, 19], [20, 24], [25, 29], [30, 34], [35, 39], [40, 44], [45, 50]]
[[0, 4], [5, 12], [13, 17], [18, 24], [25, 29], [30, 34], [35, 39], [40, 44], [45, 50]]
[[0, 4], [5, 12], [13, 19], [20, 24], [25, 29], [30, 34], [35, 39], [40, 44], [45, 50]]
[[0, 5], [6, 11], [12, 19], [20, 24], [25, 29], [30, 34], [35, 39], [40, 44], [45, 50]]
[[0, 6], [7, 11], [12, 16], [17, 24], [25, 29], [30, 34], [35, 39], [40, 44], [45, 50]]
[[0, 4], [5, 13], [14, 19], [20, 24], [25, 29], [30, 34], [35, 39], [40, 44], [45, 50]]
[[0, 7], [8, 12], [13, 18], [19, 24], [25, 29], [30, 34], [35, 39], [40, 44], [45, 50]]
[[0, 7], [8, 12], [13, 18], [19, 24], [25, 29], [30, 34], [35, 39], [40, 44], [45, 50]]
[[0, 7], [8, 12], [13, 17], [18, 22], [23, 29], [30, 34], [35, 39], [40, 44], [45, 50]]
[[0, 7], [8, 14], [15, 19], [20, 24], [25, 29], [30, 34], [35, 39], [40, 44], [45, 50]]
[[0, 5], [6, 11], [12, 17], [18, 22], [23, 27], [28, 33], [34, 38], [39, 44], [45, 50]]
[[0, 7], [8, 12], [13, 18], [19, 23], [24, 28], [29, 33], [34, 39], [40, 44], [45, 50]]
[[0, 7], [8, 13], [14, 18], [19, 23], [24, 29], [30, 34], [35, 39], [40, 44], [45, 50]]
[[0, 6], [7, 12], [13, 19], [20, 24], [25, 29], [30, 34], [35, 39], [40, 44], [45, 50]]
[[0, 9], [10, 14], [15, 19], [20, 24], [25, 29], [30, 34], [35, 39], [40, 44], [45, 50]]
[[0, 7], [8, 12], [13, 18], [19, 24], [25, 29], [30, 34], [35, 39], [40, 44], [45, 50]]
[[0, 7], [8, 14], [15, 19], [20, 24], [25, 29], [30, 34], [35, 39], [40, 44], [45, 50]]
[[0, 5], [6, 10], [11, 15], [16, 24], [25, 29], [30, 34], [35, 39], [40, 44], [45, 50]]
[[0, 4], [5, 9], [10, 14], [15, 23], [24, 29], [30, 34], [35, 39], [40, 44], [45, 50]]
[[0, 9], [10, 14], [15, 19], [20, 24], [25, 29], [30, 34], [35, 39], [40, 44], [45, 50]]
[[0, 5], [6, 10], [11, 16], [17, 24], [25, 29], [30, 34], [35, 39], [40, 44], [45, 50]]
[[0, 9], [10, 14], [15, 19], [20, 24], [25, 29], [30, 34], [35, 39], [40, 44], [45, 50]]
[[0, 4], [5, 10], [11, 19], [20, 24], [25, 29], [30, 34], [35, 39], [40, 44], [45, 50]]
[[0, 6], [7, 11], [12, 18], [19, 24], [25, 29], [30, 34], [35, 39], [40, 44], [45, 50]]
[[0, 4], [5, 9], [10, 16], [17, 24], [25, 29], [30, 34], [35, 39], [40, 44], [45, 50]]
[[0, 8], [9, 13], [14, 19], [20, 24], [25, 29], [30, 34], [35, 39], [40, 44], [45, 50]]
[[0, 7], [8, 14], [15, 19], [20, 24], [25, 29], [30, 34], [35, 39], [40, 44], [45, 50]]
[[0, 5], [6, 11], [12, 16], [17, 22], [23, 27], [28, 33], [34, 39], [40, 44], [45, 50]]
[[0, 6], [7, 12], [13, 18], [19, 23], [24, 29], [30, 34], [35, 39], [40, 44], [45, 50]]
[[0, 7], [8, 14], [15, 19], [20, 24], [25, 29], [30, 34], [35, 39], [40, 44], [45, 50]]
]
Max value: 5000
====================
入札者数: 100
財の個数: 50
傾き:
[
[24, 46, 97, 19, 59, 74, 67, 35, 55]
[91, 42, 92, 77, 64, 64, 74, 65, 61]
[14, 58, 10, 81, 60, 88, 50, 47, 27]
[89, 75, 98, 92, 29, 96, 73, 56, 63]
[19, 61, 81, 25, 83, 27, 56, 25, 49]
[100, 46, 29, 57, 89, 64, 92, 72, 21]
[88, 59, 96, 86, 49, 41, 58, 42, 34]
[47, 88, 71, 17, 27, 12, 59, 59, 48]
[33, 79, 70, 95, 55, 99, 71, 49, 95]
[80, 20, 12, 93, 24, 44, 25, 72, 33]
[48, 81, 34, 100, 89, 92, 86, 44, 35]
[79, 50, 93, 52, 100, 80, 11, 58, 44]
[13, 20, 57, 64, 82, 65, 80, 78, 93]
[49, 72, 27, 61, 48, 79, 28, 72, 41]
[22, 14, 94, 81, 88, 71, 70, 95, 12]
[86, 40, 72, 10, 24, 29, 98, 81, 55]
[11, 72, 62, 70, 83, 20, 25, 32, 15]
[34, 76, 62, 20, 85, 25, 24, 52, 94]
[69, 96, 48, 13, 50, 25, 41, 39, 83]
[80, 43, 42, 27, 89, 42, 76, 71, 52]
[80, 32, 34, 59, 85, 75, 79, 84, 82]
[47, 51, 23, 22, 21, 18, 16, 54, 82]
[65, 29, 51, 94, 92, 89, 65, 51, 97]
[10, 11, 26, 69, 14, 45, 60, 50, 37]
[53, 11, 53, 91, 66, 24, 58, 57, 28]
[85, 20, 38, 26, 50, 88, 52, 11, 61]
[20, 74, 93, 63, 12, 35, 28, 79, 13]
[88, 68, 78, 80, 25, 94, 63, 29, 65]
[28, 27, 29, 31, 100, 53, 48, 64, 37]
[36, 27, 78, 65, 17, 48, 58, 51, 36]
[42, 42, 88, 57, 83, 88, 58, 45, 65]
[39, 10, 62, 85, 73, 21, 68, 47, 52]
[90, 60, 27, 31, 54, 95, 17, 82, 35]
[72, 87, 23, 95, 68, 63, 22, 37, 49]
[82, 16, 98, 29, 61, 67, 44, 89, 42]
[46, 55, 54, 24, 51, 48, 36, 79, 43]
[66, 48, 74, 39, 81, 35, 31, 20, 53]
[73, 78, 61, 22, 42, 54, 71, 22, 96]
[75, 59, 10, 39, 22, 70, 60, 46, 20]
[59, 53, 46, 17, 65, 62, 19, 58, 92]
[78, 46, 37, 14, 99, 27, 72, 80, 81]
[99, 62, 34, 35, 65, 36, 54, 13, 15]
[79, 41, 26, 34, 37, 78, 56, 22, 99]
[70, 97, 44, 69, 51, 67, 50, 65, 82]
[12, 12, 31, 59, 48, 34, 82, 96, 77]
[37, 86, 41, 61, 19, 35, 52, 27, 77]
[92, 17, 42, 39, 48, 95, 42, 26, 51]
[20, 52, 87, 89, 45, 13, 99, 38, 18]
[98, 35, 78, 36, 15, 71, 35, 21, 85]
[93, 38, 81, 13, 76, 11, 65, 84, 75]
[93, 71, 91, 32, 44, 23, 12, 81, 71]
[30, 80, 64, 45, 71, 82, 57, 77, 51]
[38, 85, 40, 79, 26, 65, 47, 11, 21]
[53, 86, 98, 14, 23, 70, 35, 88, 11]
[12, 42, 49, 87, 71, 32, 85, 77, 64]
[68, 90, 51, 98, 41, 94, 92, 27, 59]
[65, 53, 64, 81, 94, 91, 75, 62, 96]
[70, 96, 31, 53, 62, 63, 73, 68, 86]
[95, 38, 67, 32, 82, 14, 16, 18, 36]
[79, 12, 10, 63, 39, 55, 36, 64, 35]
[76, 93, 74, 81, 69, 74, 36, 18, 86]
[82, 13, 84, 68, 97, 50, 26, 21, 73]
[98, 91, 20, 99, 40, 39, 26, 21, 65]
[82, 37, 53, 80, 72, 92, 30, 36, 46]
[22, 25, 14, 99, 41, 47, 65, 76, 68]
[31, 23, 61, 17, 30, 19, 44, 60, 60]
[39, 99, 30, 48, 90, 50, 65, 86, 37]
[38, 100, 17, 81, 89, 99, 16, 52, 34]
[49, 10, 91, 17, 86, 71, 85, 41, 62]
[46, 74, 70, 42, 99, 79, 18, 57, 89]
[44, 55, 57, 98, 48, 79, 93, 57, 62]
[78, 75, 51, 81, 36, 99, 94, 62, 65]
[24, 49, 56, 52, 51, 99, 42, 33, 36]
[91, 35, 60, 10, 51, 14, 60, 49, 96]
[98, 46, 33, 61, 12, 62, 75, 23, 44]
[91, 29, 53, 12, 21, 93, 62, 94, 99]
[75, 75, 35, 57, 23, 98, 50, 56, 46]
[52, 91, 72, 89, 12, 40, 29, 53, 35]
[34, 95, 39, 20, 11, 43, 54, 98, 21]
[23, 59, 78, 31, 43, 10, 32, 91, 22]
[17, 57, 56, 15, 62, 46, 24, 35, 39]
[25, 66, 31, 20, 89, 22, 95, 66, 89]
[16, 99, 69, 76, 34, 87, 50, 58, 10]
[67, 32, 25, 36, 90, 62, 18, 18, 66]
[33, 100, 79, 96, 67, 24, 64, 62, 99]
[38, 76, 70, 40, 59, 31, 41, 98, 77]
[50, 34, 16, 29, 19, 16, 42, 27, 36]
[50, 93, 64, 69, 29, 44, 89, 75, 89]
[99, 70, 79, 93, 68, 14, 17, 68, 84]
[99, 53, 85, 25, 18, 35, 15, 69, 43]
[71, 37, 95, 59, 84, 83, 35, 40, 63]
[18, 82, 15, 69, 53, 43, 90, 33, 50]
[41, 37, 17, 22, 63, 47, 96, 49, 32]
[57, 58, 75, 90, 98, 92, 56, 24, 49]
[36, 90, 19, 49, 25, 59, 43, 85, 74]
[12, 76, 57, 85, 10, 93, 89, 29, 45]
[55, 93, 90, 23, 49, 67, 69, 30, 61]
[92, 92, 33, 67, 86, 70, 28, 11, 98]
[65, 12, 100, 53, 91, 78, 56, 72, 12]
[52, 53, 26, 24, 99, 20, 87, 70, 95]
]
需要区間:
[
[[0, 7], [8, 14], [15, 19], [20, 24], [25, 29], [30, 34], [35, 39], [40, 44], [45, 50]]
[[0, 5], [6, 12], [13, 18], [19, 24], [25, 29], [30, 34], [35, 39], [40, 44], [45, 50]]
[[0, 7], [8, 14], [15, 19], [20, 24], [25, 29], [30, 34], [35, 39], [40, 44], [45, 50]]
[[0, 8], [9, 13], [14, 18], [19, 23], [24, 28], [29, 34], [35, 39], [40, 44], [45, 50]]
[[0, 6], [7, 13], [14, 18], [19, 24], [25, 29], [30, 34], [35, 39], [40, 44], [45, 50]]
[[0, 8], [9, 13], [14, 18], [19, 23], [24, 29], [30, 34], [35, 39], [40, 44], [45, 50]]
[[0, 9], [10, 14], [15, 19], [20, 24], [25, 29], [30, 34], [35, 39], [40, 44], [45, 50]]
[[0, 5], [6, 11], [12, 17], [18, 22], [23, 29], [30, 34], [35, 39], [40, 44], [45, 50]]
[[0, 8], [9, 13], [14, 18], [19, 23], [24, 28], [29, 34], [35, 39], [40, 44], [45, 50]]
[[0, 6], [7, 14], [15, 19], [20, 24], [25, 29], [30, 34], [35, 39], [40, 44], [45, 50]]
[[0, 5], [6, 14], [15, 19], [20, 24], [25, 29], [30, 34], [35, 39], [40, 44], [45, 50]]
[[0, 7], [8, 13], [14, 18], [19, 24], [25, 29], [30, 34], [35, 39], [40, 44], [45, 50]]
[[0, 9], [10, 14], [15, 19], [20, 24], [25, 29], [30, 34], [35, 39], [40, 44], [45, 50]]
[[0, 9], [10, 14], [15, 19], [20, 24], [25, 29], [30, 34], [35, 39], [40, 44], [45, 50]]
[[0, 9], [10, 14], [15, 19], [20, 24], [25, 29], [30, 34], [35, 39], [40, 44], [45, 50]]
[[0, 9], [10, 14], [15, 19], [20, 24], [25, 29], [30, 34], [35, 39], [40, 44], [45, 50]]
[[0, 9], [10, 14], [15, 19], [20, 24], [25, 29], [30, 34], [35, 39], [40, 44], [45, 50]]
[[0, 8], [9, 13], [14, 18], [19, 24], [25, 29], [30, 34], [35, 39], [40, 44], [45, 50]]
[[0, 7], [8, 12], [13, 19], [20, 24], [25, 29], [30, 34], [35, 39], [40, 44], [45, 50]]
[[0, 7], [8, 14], [15, 19], [20, 24], [25, 29], [30, 34], [35, 39], [40, 44], [45, 50]]
[[0, 6], [7, 11], [12, 18], [19, 24], [25, 29], [30, 34], [35, 39], [40, 44], [45, 50]]
[[0, 6], [7, 11], [12, 19], [20, 24], [25, 29], [30, 34], [35, 39], [40, 44], [45, 50]]
[[0, 9], [10, 14], [15, 19], [20, 24], [25, 29], [30, 34], [35, 39], [40, 44], [45, 50]]
[[0, 8], [9, 14], [15, 19], [20, 24], [25, 29], [30, 34], [35, 39], [40, 44], [45, 50]]
[[0, 5], [6, 12], [13, 18], [19, 24], [25, 29], [30, 34], [35, 39], [40, 44], [45, 50]]
[[0, 4], [5, 14], [15, 19], [20, 24], [25, 29], [30, 34], [35, 39], [40, 44], [45, 50]]
[[0, 4], [5, 14], [15, 19], [20, 24], [25, 29], [30, 34], [35, 39], [40, 44], [45, 50]]
[[0, 4], [5, 9], [10, 17], [18, 24], [25, 29], [30, 34], [35, 39], [40, 44], [45, 50]]
[[0, 4], [5, 9], [10, 16], [17, 22], [23, 29], [30, 34], [35, 39], [40, 44], [45, 50]]
[[0, 8], [9, 13], [14, 19], [20, 24], [25, 29], [30, 34], [35, 39], [40, 44], [45, 50]]
[[0, 5], [6, 14], [15, 19], [20, 24], [25, 29], [30, 34], [35, 39], [40, 44], [45, 50]]
[[0, 8], [9, 13], [14, 18], [19, 23], [24, 29], [30, 34], [35, 39], [40, 44], [45, 50]]
[[0, 5], [6, 11], [12, 17], [18, 22], [23, 28], [29, 34], [35, 39], [40, 44], [45, 50]]
[[0, 5], [6, 11], [12, 18], [19, 24], [25, 29], [30, 34], [35, 39], [40, 44], [45, 50]]
[[0, 9], [10, 14], [15, 19], [20, 24], [25, 29], [30, 34], [35, 39], [40, 44], [45, 50]]
[[0, 4], [5, 13], [14, 19], [20, 24], [25, 29], [30, 34], [35, 39], [40, 44], [45, 50]]
[[0, 9], [10, 14], [15, 19], [20, 24], [25, 29], [30, 34], [35, 39], [40, 44], [45, 50]]
[[0, 6], [7, 11], [12, 18], [19, 24], [25, 29], [30, 34], [35, 39], [40, 44], [45, 50]]
[[0, 5], [6, 10], [11, 17], [18, 24], [25, 29], [30, 34], [35, 39], [40, 44], [45, 50]]
[[0, 5], [6, 10], [11, 16], [17, 22], [23, 28], [29, 33], [34, 39], [40, 44], [45, 50]]
[[0, 7], [8, 14], [15, 19], [20, 24], [25, 29], [30, 34], [35, 39], [40, 44], [45, 50]]
[[0, 8], [9, 13], [14, 18], [19, 24], [25, 29], [30, 34], [35, 39], [40, 44], [45, 50]]
[[0, 5], [6, 10], [11, 19], [20, 24], [25, 29], [30, 34], [35, 39], [40, 44], [45, 50]]
[[0, 4], [5, 11], [12, 17], [18, 24], [25, 29], [30, 34], [35, 39], [40, 44], [45, 50]]
[[0, 6], [7, 11], [12, 17], [18, 22], [23, 29], [30, 34], [35, 39], [40, 44], [45, 50]]
[[0, 4], [5, 11], [12, 18], [19, 23], [24, 29], [30, 34], [35, 39], [40, 44], [45, 50]]
[[0, 5], [6, 12], [13, 18], [19, 23], [24, 29], [30, 34], [35, 39], [40, 44], [45, 50]]
[[0, 7], [8, 12], [13, 18], [19, 24], [25, 29], [30, 34], [35, 39], [40, 44], [45, 50]]
[[0, 9], [10, 14], [15, 19], [20, 24], [25, 29], [30, 34], [35, 39], [40, 44], [45, 50]]
[[0, 8], [9, 13], [14, 18], [19, 24], [25, 29], [30, 34], [35, 39], [40, 44], [45, 50]]
[[0, 7], [8, 13], [14, 19], [20, 24], [25, 29], [30, 34], [35, 39], [40, 44], [45, 50]]
[[0, 7], [8, 12], [13, 17], [18, 22], [23, 29], [30, 34], [35, 39], [40, 44], [45, 50]]
[[0, 9], [10, 14], [15, 19], [20, 24], [25, 29], [30, 34], [35, 39], [40, 44], [45, 50]]
[[0, 4], [5, 11], [12, 16], [17, 22], [23, 28], [29, 33], [34, 38], [39, 44], [45, 50]]
[[0, 5], [6, 11], [12, 18], [19, 23], [24, 29], [30, 34], [35, 39], [40, 44], [45, 50]]
[[0, 9], [10, 14], [15, 19], [20, 24], [25, 29], [30, 34], [35, 39], [40, 44], [45, 50]]
[[0, 5], [6, 10], [11, 18], [19, 23], [24, 29], [30, 34], [35, 39], [40, 44], [45, 50]]
[[0, 5], [6, 13], [14, 18], [19, 23], [24, 29], [30, 34], [35, 39], [40, 44], [45, 50]]
[[0, 4], [5, 13], [14, 19], [20, 24], [25, 29], [30, 34], [35, 39], [40, 44], [45, 50]]
[[0, 8], [9, 14], [15, 19], [20, 24], [25, 29], [30, 34], [35, 39], [40, 44], [45, 50]]
[[0, 5], [6, 13], [14, 19], [20, 24], [25, 29], [30, 34], [35, 39], [40, 44], [45, 50]]
[[0, 5], [6, 11], [12, 17], [18, 23], [24, 29], [30, 34], [35, 39], [40, 44], [45, 50]]
[[0, 4], [5, 11], [12, 17], [18, 23], [24, 28], [29, 34], [35, 39], [40, 44], [45, 50]]
[[0, 7], [8, 12], [13, 19], [20, 24], [25, 29], [30, 34], [35, 39], [40, 44], [45, 50]]
[[0, 7], [8, 13], [14, 19], [20, 24], [25, 29], [30, 34], [35, 39], [40, 44], [45, 50]]
[[0, 5], [6, 14], [15, 19], [20, 24], [25, 29], [30, 34], [35, 39], [40, 44], [45, 50]]
[[0, 7], [8, 12], [13, 17], [18, 22], [23, 27], [28, 34], [35, 39], [40, 44], [45, 50]]
[[0, 5], [6, 10], [11, 17], [18, 23], [24, 28], [29, 33], [34, 39], [40, 44], [45, 50]]
[[0, 9], [10, 14], [15, 19], [20, 24], [25, 29], [30, 34], [35, 39], [40, 44], [45, 50]]
[[0, 6], [7, 12], [13, 19], [20, 24], [25, 29], [30, 34], [35, 39], [40, 44], [45, 50]]
[[0, 9], [10, 14], [15, 19], [20, 24], [25, 29], [30, 34], [35, 39], [40, 44], [45, 50]]
[[0, 5], [6, 12], [13, 19], [20, 24], [25, 29], [30, 34], [35, 39], [40, 44], [45, 50]]
[[0, 5], [6, 12], [13, 17], [18, 23], [24, 28], [29, 33], [34, 38], [39, 43], [44, 50]]
[[0, 8], [9, 13], [14, 19], [20, 24], [25, 29], [30, 34], [35, 39], [40, 44], [45, 50]]
[[0, 8], [9, 13], [14, 19], [20, 24], [25, 29], [30, 34], [35, 39], [40, 44], [45, 50]]
[[0, 9], [10, 14], [15, 19], [20, 24], [25, 29], [30, 34], [35, 39], [40, 44], [45, 50]]
[[0, 9], [10, 14], [15, 19], [20, 24], [25, 29], [30, 34], [35, 39], [40, 44], [45, 50]]
[[0, 9], [10, 14], [15, 19], [20, 24], [25, 29], [30, 34], [35, 39], [40, 44], [45, 50]]
[[0, 5], [6, 13], [14, 19], [20, 24], [25, 29], [30, 34], [35, 39], [40, 44], [45, 50]]
[[0, 5], [6, 13], [14, 19], [20, 24], [25, 29], [30, 34], [35, 39], [40, 44], [45, 50]]
[[0, 9], [10, 14], [15, 19], [20, 24], [25, 29], [30, 34], [35, 39], [40, 44], [45, 50]]
[[0, 4], [5, 9], [10, 15], [16, 22], [23, 27], [28, 32], [33, 38], [39, 44], [45, 50]]
[[0, 5], [6, 13], [14, 18], [19, 23], [24, 28], [29, 33], [34, 39], [40, 44], [45, 50]]
[[0, 9], [10, 14], [15, 19], [20, 24], [25, 29], [30, 34], [35, 39], [40, 44], [45, 50]]
[[0, 8], [9, 14], [15, 19], [20, 24], [25, 29], [30, 34], [35, 39], [40, 44], [45, 50]]
[[0, 8], [9, 14], [15, 19], [20, 24], [25, 29], [30, 34], [35, 39], [40, 44], [45, 50]]
[[0, 7], [8, 12], [13, 17], [18, 23], [24, 28], [29, 34], [35, 39], [40, 44], [45, 50]]
[[0, 8], [9, 13], [14, 18], [19, 24], [25, 29], [30, 34], [35, 39], [40, 44], [45, 50]]
[[0, 9], [10, 14], [15, 19], [20, 24], [25, 29], [30, 34], [35, 39], [40, 44], [45, 50]]
[[0, 9], [10, 14], [15, 19], [20, 24], [25, 29], [30, 34], [35, 39], [40, 44], [45, 50]]
[[0, 8], [9, 13], [14, 19], [20, 24], [25, 29], [30, 34], [35, 39], [40, 44], [45, 50]]
[[0, 5], [6, 13], [14, 18], [19, 23], [24, 29], [30, 34], [35, 39], [40, 44], [45, 50]]
[[0, 7], [8, 13], [14, 18], [19, 24], [25, 29], [30, 34], [35, 39], [40, 44], [45, 50]]
[[0, 4], [5, 13], [14, 18], [19, 23], [24, 29], [30, 34], [35, 39], [40, 44], [45, 50]]
[[0, 4], [5, 10], [11, 17], [18, 24], [25, 29], [30, 34], [35, 39], [40, 44], [45, 50]]
[[0, 7], [8, 12], [13, 18], [19, 24], [25, 29], [30, 34], [35, 39], [40, 44], [45, 50]]
[[0, 5], [6, 13], [14, 19], [20, 24], [25, 29], [30, 34], [35, 39], [40, 44], [45, 50]]
[[0, 5], [6, 13], [14, 18], [19, 24], [25, 29], [30, 34], [35, 39], [40, 44], [45, 50]]
[[0, 5], [6, 13], [14, 18], [19, 24], [25, 29], [30, 34], [35, 39], [40, 44], [45, 50]]
[[0, 8], [9, 13], [14, 19], [20, 24], [25, 29], [30, 34], [35, 39], [40, 44], [45, 50]]
]
Max value: 5000
====================
入札者数: 100
財の個数: 50
傾き:
[
[63, 97, 54, 27, 34, 69, 26, 82]
[61, 40, 28, 91, 53, 62, 90, 92]
[31, 47, 14, 29, 45, 60, 70, 83]
[73, 37, 80, 18, 45, 66, 48, 49]
[20, 42, 48, 68, 74, 60, 50, 94]
[96, 55, 88, 86, 88, 27, 65, 14]
[30, 43, 25, 61, 66, 76, 13, 93]
[34, 57, 24, 43, 54, 44, 90, 93]
[58, 52, 93, 44, 48, 37, 33, 70]
[26, 72, 62, 69, 88, 36, 77, 66]
[48, 88, 16, 31, 77, 43, 22, 65]
[40, 38, 72, 23, 38, 67, 79, 44]
[37, 31, 85, 86, 19, 18, 47, 93]
[86, 96, 92, 21, 69, 56, 53, 71]
[59, 72, 42, 12, 49, 11, 33, 92]
[99, 87, 86, 66, 20, 77, 25, 24]
[21, 85, 43, 17, 14, 21, 13, 17]
[50, 63, 97, 33, 96, 65, 37, 23]
[10, 94, 49, 84, 32, 43, 92, 51]
[100, 18, 75, 86, 28, 29, 43, 44]
[38, 45, 92, 27, 94, 42, 25, 24]
[90, 14, 92, 39, 92, 29, 79, 79]
[60, 12, 37, 23, 26, 86, 96, 95]
[73, 71, 54, 49, 15, 73, 28, 85]
[34, 23, 86, 89, 84, 99, 22, 85]
[22, 48, 51, 53, 65, 92, 63, 48]
[65, 90, 88, 52, 55, 59, 62, 18]
[19, 80, 67, 41, 79, 16, 10, 76]
[76, 49, 33, 97, 23, 47, 67, 74]
[12, 82, 69, 95, 94, 72, 39, 93]
[69, 26, 47, 53, 87, 52, 49, 57]
[71, 22, 70, 38, 50, 96, 74, 74]
[80, 39, 63, 84, 99, 41, 96, 95]
[35, 46, 15, 15, 42, 93, 58, 82]
[57, 57, 91, 79, 40, 100, 81, 21]
[99, 84, 16, 61, 45, 75, 44, 76]
[96, 64, 70, 90, 51, 22, 16, 69]
[85, 66, 44, 79, 13, 57, 52, 31]
[85, 76, 100, 97, 89, 81, 67, 60]
[56, 32, 39, 82, 26, 53, 97, 10]
[21, 88, 20, 97, 52, 16, 18, 13]
[23, 38, 62, 74, 32, 59, 55, 85]
[27, 29, 69, 49, 88, 10, 81, 14]
[77, 72, 82, 51, 96, 56, 90, 48]
[79, 63, 27, 54, 11, 71, 58, 22]
[33, 98, 53, 16, 68, 74, 45, 35]
[98, 57, 66, 19, 63, 32, 36, 38]
[73, 99, 82, 70, 57, 76, 90, 50]
[73, 26, 99, 41, 86, 96, 22, 29]
[20, 98, 76, 40, 39, 22, 12, 35]
[48, 89, 67, 70, 99, 16, 28, 33]
[85, 27, 77, 35, 59, 57, 70, 41]
[79, 98, 86, 84, 27, 34, 98, 88]
[78, 14, 15, 80, 68, 75, 81, 18]
[53, 57, 59, 83, 33, 64, 30, 10]
[67, 55, 90, 46, 30, 45, 53, 81]
[71, 76, 20, 67, 89, 30, 79, 70]
[77, 35, 29, 57, 76, 55, 15, 59]
[42, 69, 63, 58, 50, 29, 21, 70]
[45, 44, 54, 80, 58, 12, 97, 58]
[48, 29, 78, 39, 51, 73, 80, 68]
[54, 20, 92, 48, 52, 94, 51, 37]
[23, 22, 31, 45, 24, 55, 36, 90]
[88, 90, 28, 57, 31, 67, 73, 50]
[62, 50, 95, 48, 28, 23, 19, 72]
[10, 29, 22, 94, 27, 27, 95, 83]
[53, 14, 30, 56, 50, 65, 86, 90]
[13, 31, 46, 64, 91, 66, 76, 28]
[88, 91, 79, 54, 38, 52, 48, 71]
[83, 15, 57, 10, 48, 77, 57, 100]
[13, 55, 53, 88, 100, 51, 11, 18]
[23, 26, 15, 86, 98, 89, 40, 77]
[29, 65, 71, 35, 63, 77, 46, 21]
[58, 90, 15, 82, 94, 14, 32, 80]
[91, 52, 87, 95, 91, 10, 85, 96]
[19, 39, 59, 37, 72, 61, 51, 82]
[44, 89, 18, 11, 42, 14, 29, 45]
[45, 22, 66, 24, 23, 58, 19, 78]
[55, 100, 87, 16, 27, 17, 55, 62]
[72, 22, 21, 41, 63, 16, 74, 19]
[72, 23, 44, 43, 33, 28, 87, 27]
[60, 38, 75, 30, 52, 23, 25, 100]
[21, 91, 53, 37, 76, 51, 74, 84]
[97, 67, 95, 77, 47, 29, 52, 44]
[36, 60, 81, 13, 54, 96, 83, 65]
[71, 64, 42, 63, 26, 80, 22, 43]
[19, 66, 93, 66, 39, 44, 78, 77]
[41, 63, 60, 93, 55, 65, 41, 11]
[53, 51, 32, 39, 30, 16, 65, 61]
[53, 19, 70, 45, 37, 46, 25, 51]
[94, 69, 12, 57, 90, 54, 32, 87]
[44, 78, 99, 54, 41, 37, 15, 11]
[90, 55, 55, 60, 21, 40, 100, 79]
[98, 90, 48, 65, 67, 91, 85, 61]
[33, 33, 70, 26, 32, 67, 96, 73]
[27, 36, 58, 31, 44, 18, 32, 26]
[25, 25, 84, 60, 44, 79, 90, 97]
[58, 12, 90, 44, 83, 56, 21, 97]
[34, 51, 93, 59, 11, 39, 35, 55]
[29, 100, 16, 29, 78, 13, 85, 42]
]
需要区間:
[
[[0, 5], [6, 11], [12, 17], [18, 23], [24, 29], [30, 35], [36, 42], [43, 50]]
[[0, 7], [8, 13], [14, 19], [20, 25], [26, 31], [32, 37], [38, 43], [44, 50]]
[[0, 6], [7, 13], [14, 19], [20, 25], [26, 31], [32, 37], [38, 43], [44, 50]]
[[0, 5], [6, 11], [12, 18], [19, 24], [25, 30], [31, 37], [38, 43], [44, 50]]
[[0, 7], [8, 13], [14, 19], [20, 25], [26, 31], [32, 37], [38, 43], [44, 50]]
[[0, 5], [6, 11], [12, 17], [18, 24], [25, 30], [31, 37], [38, 43], [44, 50]]
[[0, 6], [7, 13], [14, 19], [20, 25], [26, 31], [32, 37], [38, 43], [44, 50]]
[[0, 7], [8, 13], [14, 19], [20, 25], [26, 31], [32, 37], [38, 43], [44, 50]]
[[0, 7], [8, 13], [14, 19], [20, 25], [26, 31], [32, 37], [38, 43], [44, 50]]
[[0, 7], [8, 13], [14, 19], [20, 25], [26, 31], [32, 37], [38, 43], [44, 50]]
[[0, 7], [8, 13], [14, 19], [20, 25], [26, 31], [32, 37], [38, 43], [44, 50]]
[[0, 7], [8, 13], [14, 19], [20, 25], [26, 31], [32, 37], [38, 43], [44, 50]]
[[0, 6], [7, 12], [13, 19], [20, 25], [26, 31], [32, 37], [38, 43], [44, 50]]
[[0, 7], [8, 13], [14, 19], [20, 25], [26, 31], [32, 37], [38, 43], [44, 50]]
[[0, 5], [6, 12], [13, 19], [20, 25], [26, 31], [32, 37], [38, 43], [44, 50]]
[[0, 6], [7, 13], [14, 19], [20, 25], [26, 31], [32, 37], [38, 43], [44, 50]]
[[0, 7], [8, 13], [14, 19], [20, 25], [26, 31], [32, 37], [38, 43], [44, 50]]
[[0, 7], [8, 13], [14, 19], [20, 25], [26, 31], [32, 37], [38, 43], [44, 50]]
[[0, 5], [6, 12], [13, 18], [19, 24], [25, 30], [31, 36], [37, 42], [43, 50]]
[[0, 5], [6, 12], [13, 19], [20, 25], [26, 31], [32, 37], [38, 43], [44, 50]]
[[0, 7], [8, 13], [14, 19], [20, 25], [26, 31], [32, 37], [38, 43], [44, 50]]
[[0, 6], [7, 12], [13, 19], [20, 25], [26, 31], [32, 37], [38, 43], [44, 50]]
[[0, 6], [7, 13], [14, 19], [20, 25], [26, 31], [32, 37], [38, 43], [44, 50]]
[[0, 7], [8, 13], [14, 19], [20, 25], [26, 31], [32, 37], [38, 43], [44, 50]]
[[0, 7], [8, 13], [14, 19], [20, 25], [26, 31], [32, 37], [38, 43], [44, 50]]
[[0, 6], [7, 13], [14, 19], [20, 25], [26, 31], [32, 37], [38, 43], [44, 50]]
[[0, 6], [7, 12], [13, 18], [19, 24], [25, 30], [31, 37], [38, 43], [44, 50]]
[[0, 6], [7, 12], [13, 19], [20, 25], [26, 31], [32, 37], [38, 43], [44, 50]]
[[0, 6], [7, 12], [13, 18], [19, 24], [25, 30], [31, 36], [37, 43], [44, 50]]
[[0, 5], [6, 13], [14, 19], [20, 25], [26, 31], [32, 37], [38, 43], [44, 50]]
[[0, 6], [7, 12], [13, 18], [19, 24], [25, 31], [32, 37], [38, 43], [44, 50]]
[[0, 7], [8, 13], [14, 19], [20, 25], [26, 31], [32, 37], [38, 43], [44, 50]]
[[0, 5], [6, 11], [12, 18], [19, 24], [25, 30], [31, 37], [38, 43], [44, 50]]
[[0, 5], [6, 13], [14, 19], [20, 25], [26, 31], [32, 37], [38, 43], [44, 50]]
[[0, 7], [8, 13], [14, 19], [20, 25], [26, 31], [32, 37], [38, 43], [44, 50]]
[[0, 5], [6, 12], [13, 18], [19, 25], [26, 31], [32, 37], [38, 43], [44, 50]]
[[0, 7], [8, 13], [14, 19], [20, 25], [26, 31], [32, 37], [38, 43], [44, 50]]
[[0, 7], [8, 13], [14, 19], [20, 25], [26, 31], [32, 37], [38, 43], [44, 50]]
[[0, 5], [6, 12], [13, 19], [20, 25], [26, 31], [32, 37], [38, 43], [44, 50]]
[[0, 6], [7, 13], [14, 19], [20, 25], [26, 31], [32, 37], [38, 43], [44, 50]]
[[0, 6], [7, 13], [14, 19], [20, 25], [26, 31], [32, 37], [38, 43], [44, 50]]
[[0, 6], [7, 13], [14, 19], [20, 25], [26, 31], [32, 37], [38, 43], [44, 50]]
[[0, 5], [6, 13], [14, 19], [20, 25], [26, 31], [32, 37], [38, 43], [44, 50]]
[[0, 7], [8, 13], [14, 19], [20, 25], [26, 31], [32, 37], [38, 43], [44, 50]]
[[0, 6], [7, 13], [14, 19], [20, 25], [26, 31], [32, 37], [38, 43], [44, 50]]
[[0, 5], [6, 11], [12, 17], [18, 24], [25, 31], [32, 37], [38, 43], [44, 50]]
[[0, 6], [7, 12], [13, 19], [20, 25], [26, 31], [32, 37], [38, 43], [44, 50]]
[[0, 5], [6, 11], [12, 19], [20, 25], [26, 31], [32, 37], [38, 43], [44, 50]]
[[0, 7], [8, 13], [14, 19], [20, 25], [26, 31], [32, 37], [38, 43], [44, 50]]
[[0, 7], [8, 13], [14, 19], [20, 25], [26, 31], [32, 37], [38, 43], [44, 50]]
[[0, 5], [6, 12], [13, 18], [19, 25], [26, 31], [32, 37], [38, 43], [44, 50]]
[[0, 6], [7, 13], [14, 19], [20, 25], [26, 31], [32, 37], [38, 43], [44, 50]]
[[0, 6], [7, 13], [14, 19], [20, 25], [26, 31], [32, 37], [38, 43], [44, 50]]
[[0, 6], [7, 13], [14, 19], [20, 25], [26, 31], [32, 37], [38, 43], [44, 50]]
[[0, 6], [7, 12], [13, 19], [20, 25], [26, 31], [32, 37], [38, 43], [44, 50]]
[[0, 5], [6, 11], [12, 19], [20, 25], [26, 31], [32, 37], [38, 43], [44, 50]]
[[0, 5], [6, 11], [12, 17], [18, 23], [24, 29], [30, 36], [37, 42], [43, 50]]
[[0, 7], [8, 13], [14, 19], [20, 25], [26, 31], [32, 37], [38, 43], [44, 50]]
[[0, 7], [8, 13], [14, 19], [20, 25], [26, 31], [32, 37], [38, 43], [44, 50]]
[[0, 6], [7, 12], [13, 18], [19, 25], [26, 31], [32, 37], [38, 43], [44, 50]]
[[0, 7], [8, 13], [14, 19], [20, 25], [26, 31], [32, 37], [38, 43], [44, 50]]
[[0, 5], [6, 13], [14, 19], [20, 25], [26, 31], [32, 37], [38, 43], [44, 50]]
[[0, 7], [8, 13], [14, 19], [20, 25], [26, 31], [32, 37], [38, 43], [44, 50]]
[[0, 7], [8, 13], [14, 19], [20, 25], [26, 31], [32, 37], [38, 43], [44, 50]]
[[0, 6], [7, 12], [13, 18], [19, 25], [26, 31], [32, 37], [38, 43], [44, 50]]
[[0, 6], [7, 12], [13, 18], [19, 24], [25, 31], [32, 37], [38, 43], [44, 50]]
[[0, 7], [8, 13], [14, 19], [20, 25], [26, 31], [32, 37], [38, 43], [44, 50]]
[[0, 5], [6, 11], [12, 18], [19, 25], [26, 31], [32, 37], [38, 43], [44, 50]]
[[0, 6], [7, 13], [14, 19], [20, 25], [26, 31], [32, 37], [38, 43], [44, 50]]
[[0, 5], [6, 13], [14, 19], [20, 25], [26, 31], [32, 37], [38, 43], [44, 50]]
[[0, 7], [8, 13], [14, 19], [20, 25], [26, 31], [32, 37], [38, 43], [44, 50]]
[[0, 7], [8, 13], [14, 19], [20, 25], [26, 31], [32, 37], [38, 43], [44, 50]]
[[0, 5], [6, 13], [14, 19], [20, 25], [26, 31], [32, 37], [38, 43], [44, 50]]
[[0, 7], [8, 13], [14, 19], [20, 25], [26, 31], [32, 37], [38, 43], [44, 50]]
[[0, 7], [8, 13], [14, 19], [20, 25], [26, 31], [32, 37], [38, 43], [44, 50]]
[[0, 6], [7, 13], [14, 19], [20, 25], [26, 31], [32, 37], [38, 43], [44, 50]]
[[0, 6], [7, 12], [13, 19], [20, 25], [26, 31], [32, 37], [38, 43], [44, 50]]
[[0, 5], [6, 11], [12, 19], [20, 25], [26, 31], [32, 37], [38, 43], [44, 50]]
[[0, 7], [8, 13], [14, 19], [20, 25], [26, 31], [32, 37], [38, 43], [44, 50]]
[[0, 7], [8, 13], [14, 19], [20, 25], [26, 31], [32, 37], [38, 43], [44, 50]]
[[0, 7], [8, 13], [14, 19], [20, 25], [26, 31], [32, 37], [38, 43], [44, 50]]
[[0, 6], [7, 12], [13, 19], [20, 25], [26, 31], [32, 37], [38, 43], [44, 50]]
[[0, 6], [7, 12], [13, 19], [20, 25], [26, 31], [32, 37], [38, 43], [44, 50]]
[[0, 5], [6, 13], [14, 19], [20, 25], [26, 31], [32, 37], [38, 43], [44, 50]]
[[0, 5], [6, 13], [14, 19], [20, 25], [26, 31], [32, 37], [38, 43], [44, 50]]
[[0, 6], [7, 12], [13, 18], [19, 24], [25, 31], [32, 37], [38, 43], [44, 50]]
[[0, 7], [8, 13], [14, 19], [20, 25], [26, 31], [32, 37], [38, 43], [44, 50]]
[[0, 6], [7, 12], [13, 18], [19, 24], [25, 30], [31, 37], [38, 43], [44, 50]]
[[0, 5], [6, 12], [13, 19], [20, 25], [26, 31], [32, 37], [38, 43], [44, 50]]
[[0, 5], [6, 13], [14, 19], [20, 25], [26, 31], [32, 37], [38, 43], [44, 50]]
[[0, 6], [7, 12], [13, 19], [20, 25], [26, 31], [32, 37], [38, 43], [44, 50]]
[[0, 7], [8, 13], [14, 19], [20, 25], [26, 31], [32, 37], [38, 43], [44, 50]]
[[0, 6], [7, 12], [13, 19], [20, 25], [26, 31], [32, 37], [38, 43], [44, 50]]
[[0, 5], [6, 13], [14, 19], [20, 25], [26, 31], [32, 37], [38, 43], [44, 50]]
[[0, 5], [6, 11], [12, 18], [19, 25], [26, 31], [32, 37], [38, 43], [44, 50]]
[[0, 6], [7, 12], [13, 18], [19, 24], [25, 30], [31, 36], [37, 43], [44, 50]]
[[0, 5], [6, 13], [14, 19], [20, 25], [26, 31], [32, 37], [38, 43], [44, 50]]
[[0, 5], [6, 12], [13, 19], [20, 25], [26, 31], [32, 37], [38, 43], [44, 50]]
[[0, 5], [6, 13], [14, 19], [20, 25], [26, 31], [32, 37], [38, 43], [44, 50]]
[[0, 7], [8, 13], [14, 19], [20, 25], [26, 31], [32, 37], [38, 43], [44, 50]]
]
Max value: 5000
====================
入札者数: 100
財の個数: 50
傾き:
[
[21, 64, 83, 24, 89, 56, 15, 52]
[44, 14, 31, 11, 88, 25, 75, 21]
[97, 97, 43, 98, 78, 77, 45, 68]
[96, 68, 88, 24, 84, 66, 96, 82]
[91, 89, 47, 73, 57, 62, 67, 10]
[90, 31, 13, 70, 85, 84, 92, 57]
[54, 50, 82, 55, 52, 60, 68, 99]
[51, 19, 70, 31, 52, 64, 26, 91]
[39, 53, 54, 82, 77, 69, 58, 43]
[28, 43, 42, 49, 18, 92, 17, 77]
[56, 31, 75, 28, 17, 54, 55, 50]
[46, 62, 27, 61, 68, 14, 51, 18]
[37, 47, 41, 52, 32, 77, 70, 75]
[97, 70, 48, 17, 54, 45, 56, 87]
[57, 11, 81, 44, 79, 86, 82, 24]
[40, 67, 24, 54, 62, 34, 59, 17]
[69, 98, 57, 97, 45, 76, 13, 72]
[20, 93, 63, 97, 98, 72, 80, 47]
[80, 33, 92, 53, 50, 31, 91, 61]
[17, 52, 84, 72, 47, 72, 10, 62]
[59, 24, 29, 89, 33, 20, 80, 32]
[44, 34, 79, 33, 47, 42, 33, 26]
[65, 45, 24, 33, 76, 48, 86, 57]
[49, 45, 92, 77, 77, 73, 67, 100]
[87, 58, 33, 85, 74, 20, 85, 34]
[84, 31, 38, 11, 81, 72, 82, 71]
[77, 74, 39, 97, 94, 23, 17, 15]
[80, 30, 45, 68, 77, 61, 33, 65]
[28, 95, 78, 77, 82, 75, 39, 16]
[73, 34, 17, 35, 14, 13, 12, 64]
[41, 45, 11, 67, 44, 89, 20, 22]
[32, 52, 84, 20, 63, 64, 42, 67]
[19, 48, 44, 95, 50, 36, 40, 38]
[76, 14, 23, 51, 12, 87, 82, 74]
[47, 48, 20, 62, 99, 14, 34, 93]
[75, 54, 13, 19, 18, 27, 87, 73]
[56, 66, 58, 67, 74, 47, 22, 50]
[20, 73, 17, 76, 26, 49, 96, 49]
[82, 39, 23, 74, 24, 81, 75, 54]
[98, 10, 48, 51, 13, 28, 47, 55]
[73, 11, 74, 55, 49, 21, 26, 26]
[35, 23, 33, 49, 84, 39, 18, 70]
[39, 70, 27, 10, 93, 27, 79, 74]
[26, 96, 60, 59, 39, 31, 15, 28]
[20, 96, 30, 14, 39, 17, 63, 96]
[60, 28, 65, 44, 73, 33, 95, 100]
[99, 89, 87, 76, 43, 23, 73, 19]
[27, 95, 49, 58, 36, 33, 27, 67]
[42, 74, 61, 52, 65, 89, 63, 82]
[88, 92, 88, 20, 80, 61, 81, 99]
[66, 92, 16, 88, 24, 91, 80, 71]
[85, 50, 14, 96, 40, 15, 27, 96]
[27, 21, 52, 68, 41, 13, 51, 53]
[69, 56, 39, 99, 17, 27, 54, 13]
[85, 39, 95, 32, 86, 16, 19, 55]
[25, 96, 59, 71, 20, 88, 52, 100]
[79, 61, 84, 31, 31, 61, 18, 14]
[46, 82, 50, 11, 70, 54, 92, 100]
[97, 77, 34, 33, 67, 24, 78, 66]
[80, 74, 98, 13, 51, 26, 65, 35]
[69, 69, 34, 85, 88, 84, 66, 17]
[18, 23, 30, 89, 74, 67, 66, 13]
[97, 98, 14, 14, 66, 80, 60, 72]
[23, 75, 48, 58, 68, 12, 60, 60]
[100, 97, 57, 17, 26, 57, 45, 67]
[53, 15, 86, 94, 62, 35, 55, 53]
[87, 79, 28, 16, 29, 57, 89, 78]
[32, 52, 85, 59, 38, 44, 66, 28]
[63, 27, 68, 95, 12, 46, 47, 48]
[93, 39, 16, 47, 76, 90, 37, 13]
[80, 43, 58, 73, 69, 85, 79, 65]
[60, 79, 84, 87, 43, 66, 42, 79]
[38, 73, 67, 17, 63, 23, 47, 28]
[59, 34, 67, 21, 67, 36, 77, 25]
[96, 60, 52, 58, 64, 32, 12, 66]
[74, 63, 24, 93, 38, 64, 56, 41]
[11, 30, 14, 39, 95, 67, 68, 11]
[50, 26, 73, 81, 84, 61, 21, 11]
[98, 91, 37, 30, 25, 45, 63, 12]
[25, 70, 87, 72, 72, 36, 39, 24]
[14, 20, 98, 66, 56, 42, 73, 63]
[76, 70, 82, 41, 73, 25, 38, 81]
[54, 28, 69, 27, 87, 86, 41, 69]
[56, 21, 17, 70, 65, 62, 89, 56]
[50, 53, 62, 35, 58, 15, 38, 61]
[77, 67, 98, 66, 22, 62, 61, 32]
[75, 25, 64, 49, 28, 26, 46, 21]
[93, 98, 26, 41, 84, 46, 78, 40]
[29, 28, 25, 39, 16, 56, 58, 60]
[55, 44, 86, 29, 43, 66, 12, 65]
[51, 67, 12, 29, 86, 28, 61, 76]
[99, 26, 40, 68, 16, 49, 41, 100]
[87, 80, 97, 59, 88, 59, 88, 16]
[73, 98, 79, 76, 69, 45, 56, 47]
[73, 74, 72, 21, 97, 66, 14, 67]
[68, 54, 57, 76, 71, 10, 17, 66]
[32, 66, 73, 16, 25, 58, 74, 62]
[83, 47, 77, 74, 62, 35, 21, 25]
[17, 44, 92, 67, 65, 65, 67, 37]
[77, 45, 80, 89, 22, 13, 45, 25]
]
需要区間:
[
[[0, 5], [6, 12], [13, 19], [20, 25], [26, 31], [32, 37], [38, 43], [44, 50]]
[[0, 7], [8, 13], [14, 19], [20, 25], [26, 31], [32, 37], [38, 43], [44, 50]]
[[0, 7], [8, 13], [14, 19], [20, 25], [26, 31], [32, 37], [38, 43], [44, 50]]
[[0, 7], [8, 13], [14, 19], [20, 25], [26, 31], [32, 37], [38, 43], [44, 50]]
[[0, 5], [6, 12], [13, 19], [20, 25], [26, 31], [32, 37], [38, 43], [44, 50]]
[[0, 5], [6, 13], [14, 19], [20, 25], [26, 31], [32, 37], [38, 43], [44, 50]]
[[0, 5], [6, 13], [14, 19], [20, 25], [26, 31], [32, 37], [38, 43], [44, 50]]
[[0, 6], [7, 13], [14, 19], [20, 25], [26, 31], [32, 37], [38, 43], [44, 50]]
[[0, 7], [8, 13], [14, 19], [20, 25], [26, 31], [32, 37], [38, 43], [44, 50]]
[[0, 5], [6, 11], [12, 19], [20, 25], [26, 31], [32, 37], [38, 43], [44, 50]]
[[0, 6], [7, 12], [13, 19], [20, 25], [26, 31], [32, 37], [38, 43], [44, 50]]
[[0, 6], [7, 12], [13, 18], [19, 24], [25, 30], [31, 36], [37, 42], [43, 50]]
[[0, 5], [6, 11], [12, 19], [20, 25], [26, 31], [32, 37], [38, 43], [44, 50]]
[[0, 5], [6, 12], [13, 18], [19, 24], [25, 31], [32, 37], [38, 43], [44, 50]]
[[0, 7], [8, 13], [14, 19], [20, 25], [26, 31], [32, 37], [38, 43], [44, 50]]
[[0, 5], [6, 11], [12, 19], [20, 25], [26, 31], [32, 37], [38, 43], [44, 50]]
[[0, 7], [8, 13], [14, 19], [20, 25], [26, 31], [32, 37], [38, 43], [44, 50]]
[[0, 5], [6, 11], [12, 19], [20, 25], [26, 31], [32, 37], [38, 43], [44, 50]]
[[0, 7], [8, 13], [14, 19], [20, 25], [26, 31], [32, 37], [38, 43], [44, 50]]
[[0, 6], [7, 12], [13, 18], [19, 25], [26, 31], [32, 37], [38, 43], [44, 50]]
[[0, 6], [7, 13], [14, 19], [20, 25], [26, 31], [32, 37], [38, 43], [44, 50]]
[[0, 6], [7, 12], [13, 19], [20, 25], [26, 31], [32, 37], [38, 43], [44, 50]]
[[0, 5], [6, 11], [12, 19], [20, 25], [26, 31], [32, 37], [38, 43], [44, 50]]
[[0, 6], [7, 13], [14, 19], [20, 25], [26, 31], [32, 37], [38, 43], [44, 50]]
[[0, 7], [8, 13], [14, 19], [20, 25], [26, 31], [32, 37], [38, 43], [44, 50]]
[[0, 5], [6, 12], [13, 18], [19, 25], [26, 31], [32, 37], [38, 43], [44, 50]]
[[0, 7], [8, 13], [14, 19], [20, 25], [26, 31], [32, 37], [38, 43], [44, 50]]
[[0, 7], [8, 13], [14, 19], [20, 25], [26, 31], [32, 37], [38, 43], [44, 50]]
[[0, 5], [6, 11], [12, 17], [18, 24], [25, 31], [32, 37], [38, 43], [44, 50]]
[[0, 7], [8, 13], [14, 19], [20, 25], [26, 31], [32, 37], [38, 43], [44, 50]]
[[0, 5], [6, 11], [12, 17], [18, 24], [25, 30], [31, 36], [37, 43], [44, 50]]
[[0, 6], [7, 12], [13, 19], [20, 25], [26, 31], [32, 37], [38, 43], [44, 50]]
[[0, 6], [7, 12], [13, 19], [20, 25], [26, 31], [32, 37], [38, 43], [44, 50]]
[[0, 5], [6, 12], [13, 19], [20, 25], [26, 31], [32, 37], [38, 43], [44, 50]]
[[0, 7], [8, 13], [14, 19], [20, 25], [26, 31], [32, 37], [38, 43], [44, 50]]
[[0, 5], [6, 13], [14, 19], [20, 25], [26, 31], [32, 37], [38, 43], [44, 50]]
[[0, 6], [7, 13], [14, 19], [20, 25], [26, 31], [32, 37], [38, 43], [44, 50]]
[[0, 7], [8, 13], [14, 19], [20, 25], [26, 31], [32, 37], [38, 43], [44, 50]]
[[0, 5], [6, 13], [14, 19], [20, 25], [26, 31], [32, 37], [38, 43], [44, 50]]
[[0, 6], [7, 13], [14, 19], [20, 25], [26, 31], [32, 37], [38, 43], [44, 50]]
[[0, 6], [7, 12], [13, 19], [20, 25], [26, 31], [32, 37], [38, 43], [44, 50]]
[[0, 6], [7, 12], [13, 18], [19, 25], [26, 31], [32, 37], [38, 43], [44, 50]]
[[0, 6], [7, 12], [13, 19], [20, 25], [26, 31], [32, 37], [38, 43], [44, 50]]
[[0, 6], [7, 13], [14, 19], [20, 25], [26, 31], [32, 37], [38, 43], [44, 50]]
[[0, 5], [6, 11], [12, 18], [19, 25], [26, 31], [32, 37], [38, 43], [44, 50]]
[[0, 6], [7, 13], [14, 19], [20, 25], [26, 31], [32, 37], [38, 43], [44, 50]]
[[0, 5], [6, 11], [12, 18], [19, 25], [26, 31], [32, 37], [38, 43], [44, 50]]
[[0, 5], [6, 11], [12, 17], [18, 25], [26, 31], [32, 37], [38, 43], [44, 50]]
[[0, 7], [8, 13], [14, 19], [20, 25], [26, 31], [32, 37], [38, 43], [44, 50]]
[[0, 6], [7, 12], [13, 19], [20, 25], [26, 31], [32, 37], [38, 43], [44, 50]]
[[0, 6], [7, 12], [13, 18], [19, 25], [26, 31], [32, 37], [38, 43], [44, 50]]
[[0, 6], [7, 13], [14, 19], [20, 25], [26, 31], [32, 37], [38, 43], [44, 50]]
[[0, 5], [6, 12], [13, 19], [20, 25], [26, 31], [32, 37], [38, 43], [44, 50]]
[[0, 6], [7, 12], [13, 18], [19, 25], [26, 31], [32, 37], [38, 43], [44, 50]]
[[0, 7], [8, 13], [14, 19], [20, 25], [26, 31], [32, 37], [38, 43], [44, 50]]
[[0, 6], [7, 12], [13, 18], [19, 25], [26, 31], [32, 37], [38, 43], [44, 50]]
[[0, 6], [7, 12], [13, 18], [19, 25], [26, 31], [32, 37], [38, 43], [44, 50]]
[[0, 7], [8, 13], [14, 19], [20, 25], [26, 31], [32, 37], [38, 43], [44, 50]]
[[0, 5], [6, 12], [13, 18], [19, 25], [26, 31], [32, 37], [38, 43], [44, 50]]
[[0, 5], [6, 12], [13, 19], [20, 25], [26, 31], [32, 37], [38, 43], [44, 50]]
[[0, 5], [6, 13], [14, 19], [20, 25], [26, 31], [32, 37], [38, 43], [44, 50]]
[[0, 6], [7, 13], [14, 19], [20, 25], [26, 31], [32, 37], [38, 43], [44, 50]]
[[0, 6], [7, 12], [13, 18], [19, 24], [25, 31], [32, 37], [38, 43], [44, 50]]
[[0, 6], [7, 12], [13, 19], [20, 25], [26, 31], [32, 37], [38, 43], [44, 50]]
[[0, 7], [8, 13], [14, 19], [20, 25], [26, 31], [32, 37], [38, 43], [44, 50]]
[[0, 7], [8, 13], [14, 19], [20, 25], [26, 31], [32, 37], [38, 43], [44, 50]]
[[0, 6], [7, 13], [14, 19], [20, 25], [26, 31], [32, 37], [38, 43], [44, 50]]
[[0, 7], [8, 13], [14, 19], [20, 25], [26, 31], [32, 37], [38, 43], [44, 50]]
[[0, 5], [6, 13], [14, 19], [20, 25], [26, 31], [32, 37], [38, 43], [44, 50]]
[[0, 5], [6, 12], [13, 18], [19, 25], [26, 31], [32, 37], [38, 43], [44, 50]]
[[0, 6], [7, 12], [13, 18], [19, 24], [25, 31], [32, 37], [38, 43], [44, 50]]
[[0, 7], [8, 13], [14, 19], [20, 25], [26, 31], [32, 37], [38, 43], [44, 50]]
[[0, 7], [8, 13], [14, 19], [20, 25], [26, 31], [32, 37], [38, 43], [44, 50]]
[[0, 6], [7, 13], [14, 19], [20, 25], [26, 31], [32, 37], [38, 43], [44, 50]]
[[0, 7], [8, 13], [14, 19], [20, 25], [26, 31], [32, 37], [38, 43], [44, 50]]
[[0, 5], [6, 11], [12, 18], [19, 24], [25, 31], [32, 37], [38, 43], [44, 50]]
[[0, 7], [8, 13], [14, 19], [20, 25], [26, 31], [32, 37], [38, 43], [44, 50]]
[[0, 7], [8, 13], [14, 19], [20, 25], [26, 31], [32, 37], [38, 43], [44, 50]]
[[0, 6], [7, 13], [14, 19], [20, 25], [26, 31], [32, 37], [38, 43], [44, 50]]
[[0, 7], [8, 13], [14, 19], [20, 25], [26, 31], [32, 37], [38, 43], [44, 50]]
[[0, 5], [6, 13], [14, 19], [20, 25], [26, 31], [32, 37], [38, 43], [44, 50]]
[[0, 6], [7, 12], [13, 19], [20, 25], [26, 31], [32, 37], [38, 43], [44, 50]]
[[0, 6], [7, 13], [14, 19], [20, 25], [26, 31], [32, 37], [38, 43], [44, 50]]
[[0, 5], [6, 12], [13, 18], [19, 25], [26, 31], [32, 37], [38, 43], [44, 50]]
[[0, 5], [6, 13], [14, 19], [20, 25], [26, 31], [32, 37], [38, 43], [44, 50]]
[[0, 5], [6, 12], [13, 19], [20, 25], [26, 31], [32, 37], [38, 43], [44, 50]]
[[0, 7], [8, 13], [14, 19], [20, 25], [26, 31], [32, 37], [38, 43], [44, 50]]
[[0, 7], [8, 13], [14, 19], [20, 25], [26, 31], [32, 37], [38, 43], [44, 50]]
[[0, 7], [8, 13], [14, 19], [20, 25], [26, 31], [32, 37], [38, 43], [44, 50]]
[[0, 7], [8, 13], [14, 19], [20, 25], [26, 31], [32, 37], [38, 43], [44, 50]]
[[0, 6], [7, 13], [14, 19], [20, 25], [26, 31], [32, 37], [38, 43], [44, 50]]
[[0, 7], [8, 13], [14, 19], [20, 25], [26, 31], [32, 37], [38, 43], [44, 50]]
[[0, 5], [6, 12], [13, 18], [19, 24], [25, 30], [31, 36], [37, 42], [43, 50]]
[[0, 7], [8, 13], [14, 19], [20, 25], [26, 31], [32, 37], [38, 43], [44, 50]]
[[0, 5], [6, 13], [14, 19], [20, 25], [26, 31], [32, 37], [38, 43], [44, 50]]
[[0, 6], [7, 13], [14, 19], [20, 25], [26, 31], [32, 37], [38, 43], [44, 50]]
[[0, 7], [8, 13], [14, 19], [20, 25], [26, 31], [32, 37], [38, 43], [44, 50]]
[[0, 6], [7, 13], [14, 19], [20, 25], [26, 31], [32, 37], [38, 43], [44, 50]]
[[0, 6], [7, 13], [14, 19], [20, 25], [26, 31], [32, 37], [38, 43], [44, 50]]
[[0, 6], [7, 12], [13, 19], [20, 25], [26, 31], [32, 37], [38, 43], [44, 50]]
]
Max value: 5000
====================
入札者数: 100
財の個数: 50
傾き:
[
[41, 17, 100, 95, 53, 45, 35, 98, 100]
[68, 98, 72, 11, 58, 98, 28, 58, 30]
[49, 54, 31, 87, 47, 55, 89, 37, 79]
[60, 43, 93, 28, 82, 81, 92, 64, 20]
[10, 14, 53, 94, 77, 91, 32, 41, 19]
[64, 80, 33, 21, 40, 59, 10, 73, 69]
[42, 39, 73, 62, 14, 81, 39, 38, 74]
[26, 47, 80, 44, 30, 37, 73, 83, 45]
[19, 66, 66, 26, 19, 73, 88, 74, 10]
[37, 38, 85, 24, 23, 34, 83, 89, 33]
[59, 54, 42, 93, 36, 22, 76, 32, 82]
[72, 77, 69, 97, 84, 30, 94, 68, 80]
[93, 97, 99, 51, 38, 54, 37, 16, 12]
[100, 73, 43, 54, 97, 27, 44, 30, 31]
[62, 92, 84, 98, 20, 40, 80, 69, 90]
[89, 84, 19, 86, 43, 37, 49, 48, 71]
[56, 77, 36, 40, 26, 71, 45, 11, 61]
[69, 91, 82, 87, 52, 54, 62, 28, 58]
[92, 66, 23, 20, 85, 18, 51, 36, 19]
[27, 65, 31, 64, 88, 63, 24, 16, 40]
[55, 32, 61, 86, 48, 17, 42, 82, 77]
[79, 81, 81, 73, 83, 11, 28, 40, 100]
[16, 45, 81, 86, 88, 40, 59, 67, 93]
[61, 99, 59, 19, 40, 54, 78, 30, 84]
[95, 32, 81, 58, 36, 22, 64, 32, 35]
[64, 87, 67, 60, 67, 44, 22, 66, 93]
[37, 55, 82, 45, 28, 31, 15, 13, 93]
[85, 73, 23, 40, 57, 47, 82, 23, 74]
[75, 43, 12, 38, 45, 38, 56, 36, 11]
[64, 34, 15, 89, 77, 86, 59, 85, 94]
[90, 30, 18, 43, 54, 70, 91, 70, 34]
[80, 24, 20, 11, 30, 29, 13, 63, 17]
[87, 52, 91, 12, 94, 77, 29, 20, 57]
[66, 50, 89, 55, 58, 90, 78, 92, 99]
[69, 57, 73, 67, 17, 54, 40, 17, 52]
[50, 41, 23, 20, 78, 42, 54, 48, 48]
[90, 21, 37, 88, 42, 74, 10, 26, 53]
[44, 58, 44, 61, 43, 91, 37, 90, 83]
[69, 46, 41, 37, 12, 32, 57, 93, 97]
[88, 97, 78, 37, 59, 77, 47, 65, 37]
[86, 78, 45, 85, 73, 42, 71, 74, 79]
[87, 55, 24, 63, 22, 96, 55, 47, 52]
[18, 80, 60, 42, 36, 73, 97, 65, 30]
[98, 63, 45, 31, 16, 73, 16, 18, 51]
[45, 37, 24, 87, 32, 31, 83, 70, 25]
[53, 43, 90, 11, 79, 89, 37, 48, 85]
[69, 72, 66, 86, 87, 52, 100, 49, 68]
[94, 19, 25, 34, 32, 96, 41, 69, 67]
[81, 70, 75, 78, 84, 72, 51, 59, 47]
[15, 93, 94, 46, 19, 11, 80, 75, 76]
[18, 63, 68, 76, 52, 26, 26, 98, 80]
[62, 36, 59, 11, 14, 73, 63, 92, 16]
[82, 92, 13, 47, 73, 48, 71, 73, 81]
[65, 13, 76, 71, 80, 34, 58, 40, 77]
[72, 49, 82, 69, 11, 71, 41, 74, 20]
[38, 63, 70, 67, 78, 14, 62, 10, 24]
[42, 47, 15, 53, 36, 54, 63, 33, 66]
[74, 51, 73, 68, 84, 71, 80, 23, 90]
[40, 81, 95, 43, 82, 48, 22, 98, 79]
[80, 75, 89, 15, 75, 48, 66, 60, 33]
[92, 57, 38, 21, 87, 79, 94, 90, 88]
[61, 10, 99, 69, 51, 63, 70, 85, 16]
[50, 44, 53, 66, 61, 47, 95, 19, 15]
[67, 92, 33, 17, 44, 32, 98, 57, 49]
[55, 47, 92, 18, 46, 55, 61, 30, 96]
[26, 81, 90, 62, 11, 47, 45, 95, 41]
[73, 41, 39, 29, 23, 100, 35, 10, 65]
[50, 96, 53, 36, 39, 71, 61, 66, 88]
[10, 18, 56, 61, 19, 35, 47, 33, 58]
[88, 83, 68, 17, 91, 53, 86, 29, 38]
[62, 37, 60, 90, 28, 43, 90, 33, 65]
[64, 25, 53, 26, 54, 43, 92, 37, 99]
[54, 45, 68, 44, 80, 14, 98, 11, 100]
[49, 49, 50, 35, 95, 74, 57, 64, 66]
[78, 73, 78, 86, 65, 33, 67, 52, 14]
[32, 49, 42, 32, 55, 99, 72, 46, 57]
[57, 88, 75, 20, 30, 53, 68, 33, 22]
[53, 47, 35, 86, 77, 56, 87, 42, 61]
[59, 76, 60, 85, 93, 65, 15, 63, 62]
[81, 45, 72, 73, 66, 75, 14, 68, 32]
[41, 57, 84, 48, 20, 80, 13, 59, 91]
[86, 34, 33, 76, 82, 13, 93, 75, 35]
[43, 61, 48, 12, 29, 94, 22, 77, 73]
[73, 29, 91, 78, 63, 71, 28, 55, 14]
[97, 16, 88, 68, 47, 10, 79, 46, 68]
[78, 93, 34, 45, 52, 73, 85, 68, 23]
[54, 27, 51, 77, 38, 39, 31, 71, 44]
[70, 61, 45, 45, 18, 27, 31, 10, 59]
[39, 84, 64, 76, 61, 73, 13, 62, 32]
[25, 89, 44, 62, 80, 77, 100, 60, 71]
[63, 74, 43, 18, 100, 35, 20, 49, 23]
[69, 73, 92, 19, 88, 43, 72, 53, 97]
[28, 82, 55, 38, 15, 60, 32, 55, 22]
[17, 39, 49, 49, 70, 25, 62, 32, 48]
[69, 33, 96, 66, 22, 73, 56, 60, 15]
[100, 72, 17, 12, 20, 94, 13, 31, 48]
[11, 94, 15, 94, 41, 49, 71, 66, 87]
[10, 42, 57, 22, 19, 99, 63, 88, 31]
[13, 54, 95, 58, 55, 86, 78, 35, 34]
[39, 21, 38, 75, 47, 33, 87, 60, 60]
]
需要区間:
[
[[0, 4], [5, 9], [10, 14], [15, 22], [23, 27], [28, 32], [33, 37], [38, 43], [44, 50]]
[[0, 5], [6, 12], [13, 18], [19, 23], [24, 29], [30, 34], [35, 39], [40, 44], [45, 50]]
[[0, 4], [5, 9], [10, 14], [15, 22], [23, 29], [30, 34], [35, 39], [40, 44], [45, 50]]
[[0, 7], [8, 13], [14, 18], [19, 23], [24, 28], [29, 33], [34, 39], [40, 44], [45, 50]]
[[0, 6], [7, 11], [12, 19], [20, 24], [25, 29], [30, 34], [35, 39], [40, 44], [45, 50]]
[[0, 7], [8, 12], [13, 17], [18, 22], [23, 27], [28, 34], [35, 39], [40, 44], [45, 50]]
[[0, 8], [9, 14], [15, 19], [20, 24], [25, 29], [30, 34], [35, 39], [40, 44], [45, 50]]
[[0, 4], [5, 9], [10, 17], [18, 23], [24, 29], [30, 34], [35, 39], [40, 44], [45, 50]]
[[0, 8], [9, 13], [14, 18], [19, 24], [25, 29], [30, 34], [35, 39], [40, 44], [45, 50]]
[[0, 5], [6, 13], [14, 18], [19, 23], [24, 28], [29, 34], [35, 39], [40, 44], [45, 50]]
[[0, 4], [5, 12], [13, 19], [20, 24], [25, 29], [30, 34], [35, 39], [40, 44], [45, 50]]
[[0, 8], [9, 14], [15, 19], [20, 24], [25, 29], [30, 34], [35, 39], [40, 44], [45, 50]]
[[0, 9], [10, 14], [15, 19], [20, 24], [25, 29], [30, 34], [35, 39], [40, 44], [45, 50]]
[[0, 7], [8, 14], [15, 19], [20, 24], [25, 29], [30, 34], [35, 39], [40, 44], [45, 50]]
[[0, 4], [5, 13], [14, 19], [20, 24], [25, 29], [30, 34], [35, 39], [40, 44], [45, 50]]
[[0, 7], [8, 14], [15, 19], [20, 24], [25, 29], [30, 34], [35, 39], [40, 44], [45, 50]]
[[0, 4], [5, 12], [13, 19], [20, 24], [25, 29], [30, 34], [35, 39], [40, 44], [45, 50]]
[[0, 6], [7, 14], [15, 19], [20, 24], [25, 29], [30, 34], [35, 39], [40, 44], [45, 50]]
[[0, 6], [7, 11], [12, 19], [20, 24], [25, 29], [30, 34], [35, 39], [40, 44], [45, 50]]
[[0, 8], [9, 13], [14, 19], [20, 24], [25, 29], [30, 34], [35, 39], [40, 44], [45, 50]]
[[0, 5], [6, 10], [11, 15], [16, 22], [23, 27], [28, 32], [33, 37], [38, 44], [45, 50]]
[[0, 5], [6, 13], [14, 19], [20, 24], [25, 29], [30, 34], [35, 39], [40, 44], [45, 50]]
[[0, 9], [10, 14], [15, 19], [20, 24], [25, 29], [30, 34], [35, 39], [40, 44], [45, 50]]
[[0, 6], [7, 14], [15, 19], [20, 24], [25, 29], [30, 34], [35, 39], [40, 44], [45, 50]]
[[0, 4], [5, 10], [11, 19], [20, 24], [25, 29], [30, 34], [35, 39], [40, 44], [45, 50]]
[[0, 5], [6, 13], [14, 18], [19, 23], [24, 29], [30, 34], [35, 39], [40, 44], [45, 50]]
[[0, 5], [6, 14], [15, 19], [20, 24], [25, 29], [30, 34], [35, 39], [40, 44], [45, 50]]
[[0, 7], [8, 14], [15, 19], [20, 24], [25, 29], [30, 34], [35, 39], [40, 44], [45, 50]]
[[0, 8], [9, 14], [15, 19], [20, 24], [25, 29], [30, 34], [35, 39], [40, 44], [45, 50]]
[[0, 8], [9, 14], [15, 19], [20, 24], [25, 29], [30, 34], [35, 39], [40, 44], [45, 50]]
[[0, 4], [5, 9], [10, 18], [19, 24], [25, 29], [30, 34], [35, 39], [40, 44], [45, 50]]
[[0, 4], [5, 12], [13, 17], [18, 22], [23, 29], [30, 34], [35, 39], [40, 44], [45, 50]]
[[0, 8], [9, 13], [14, 19], [20, 24], [25, 29], [30, 34], [35, 39], [40, 44], [45, 50]]
[[0, 4], [5, 10], [11, 17], [18, 22], [23, 29], [30, 34], [35, 39], [40, 44], [45, 50]]
[[0, 6], [7, 12], [13, 18], [19, 24], [25, 29], [30, 34], [35, 39], [40, 44], [45, 50]]
[[0, 8], [9, 13], [14, 18], [19, 23], [24, 29], [30, 34], [35, 39], [40, 44], [45, 50]]
[[0, 8], [9, 14], [15, 19], [20, 24], [25, 29], [30, 34], [35, 39], [40, 44], [45, 50]]
[[0, 4], [5, 9], [10, 17], [18, 24], [25, 29], [30, 34], [35, 39], [40, 44], [45, 50]]
[[0, 6], [7, 13], [14, 19], [20, 24], [25, 29], [30, 34], [35, 39], [40, 44], [45, 50]]
[[0, 6], [7, 13], [14, 19], [20, 24], [25, 29], [30, 34], [35, 39], [40, 44], [45, 50]]
[[0, 7], [8, 14], [15, 19], [20, 24], [25, 29], [30, 34], [35, 39], [40, 44], [45, 50]]
[[0, 5], [6, 10], [11, 19], [20, 24], [25, 29], [30, 34], [35, 39], [40, 44], [45, 50]]
[[0, 8], [9, 14], [15, 19], [20, 24], [25, 29], [30, 34], [35, 39], [40, 44], [45, 50]]
[[0, 7], [8, 13], [14, 18], [19, 24], [25, 29], [30, 34], [35, 39], [40, 44], [45, 50]]
[[0, 9], [10, 14], [15, 19], [20, 24], [25, 29], [30, 34], [35, 39], [40, 44], [45, 50]]
[[0, 4], [5, 12], [13, 19], [20, 24], [25, 29], [30, 34], [35, 39], [40, 44], [45, 50]]
[[0, 9], [10, 14], [15, 19], [20, 24], [25, 29], [30, 34], [35, 39], [40, 44], [45, 50]]
[[0, 9], [10, 14], [15, 19], [20, 24], [25, 29], [30, 34], [35, 39], [40, 44], [45, 50]]
[[0, 5], [6, 12], [13, 19], [20, 24], [25, 29], [30, 34], [35, 39], [40, 44], [45, 50]]
[[0, 7], [8, 14], [15, 19], [20, 24], [25, 29], [30, 34], [35, 39], [40, 44], [45, 50]]
[[0, 9], [10, 14], [15, 19], [20, 24], [25, 29], [30, 34], [35, 39], [40, 44], [45, 50]]
[[0, 8], [9, 14], [15, 19], [20, 24], [25, 29], [30, 34], [35, 39], [40, 44], [45, 50]]
[[0, 6], [7, 12], [13, 17], [18, 23], [24, 29], [30, 34], [35, 39], [40, 44], [45, 50]]
[[0, 6], [7, 11], [12, 17], [18, 23], [24, 29], [30, 34], [35, 39], [40, 44], [45, 50]]
[[0, 9], [10, 14], [15, 19], [20, 24], [25, 29], [30, 34], [35, 39], [40, 44], [45, 50]]
[[0, 5], [6, 14], [15, 19], [20, 24], [25, 29], [30, 34], [35, 39], [40, 44], [45, 50]]
[[0, 9], [10, 14], [15, 19], [20, 24], [25, 29], [30, 34], [35, 39], [40, 44], [45, 50]]
[[0, 8], [9, 14], [15, 19], [20, 24], [25, 29], [30, 34], [35, 39], [40, 44], [45, 50]]
[[0, 5], [6, 11], [12, 17], [18, 23], [24, 28], [29, 34], [35, 39], [40, 44], [45, 50]]
[[0, 6], [7, 11], [12, 19], [20, 24], [25, 29], [30, 34], [35, 39], [40, 44], [45, 50]]
[[0, 7], [8, 13], [14, 18], [19, 24], [25, 29], [30, 34], [35, 39], [40, 44], [45, 50]]
[[0, 6], [7, 11], [12, 16], [17, 24], [25, 29], [30, 34], [35, 39], [40, 44], [45, 50]]
[[0, 8], [9, 13], [14, 18], [19, 23], [24, 28], [29, 34], [35, 39], [40, 44], [45, 50]]
[[0, 7], [8, 14], [15, 19], [20, 24], [25, 29], [30, 34], [35, 39], [40, 44], [45, 50]]
[[0, 9], [10, 14], [15, 19], [20, 24], [25, 29], [30, 34], [35, 39], [40, 44], [45, 50]]
[[0, 7], [8, 12], [13, 18], [19, 23], [24, 28], [29, 33], [34, 39], [40, 44], [45, 50]]
[[0, 6], [7, 13], [14, 18], [19, 24], [25, 29], [30, 34], [35, 39], [40, 44], [45, 50]]
[[0, 8], [9, 13], [14, 19], [20, 24], [25, 29], [30, 34], [35, 39], [40, 44], [45, 50]]
[[0, 4], [5, 10], [11, 16], [17, 24], [25, 29], [30, 34], [35, 39], [40, 44], [45, 50]]
[[0, 6], [7, 11], [12, 18], [19, 23], [24, 28], [29, 33], [34, 39], [40, 44], [45, 50]]
[[0, 5], [6, 12], [13, 17], [18, 24], [25, 29], [30, 34], [35, 39], [40, 44], [45, 50]]
[[0, 8], [9, 14], [15, 19], [20, 24], [25, 29], [30, 34], [35, 39], [40, 44], [45, 50]]
[[0, 8], [9, 14], [15, 19], [20, 24], [25, 29], [30, 34], [35, 39], [40, 44], [45, 50]]
[[0, 5], [6, 10], [11, 18], [19, 23], [24, 29], [30, 34], [35, 39], [40, 44], [45, 50]]
[[0, 7], [8, 13], [14, 18], [19, 23], [24, 29], [30, 34], [35, 39], [40, 44], [45, 50]]
[[0, 8], [9, 13], [14, 18], [19, 24], [25, 29], [30, 34], [35, 39], [40, 44], [45, 50]]
[[0, 6], [7, 14], [15, 19], [20, 24], [25, 29], [30, 34], [35, 39], [40, 44], [45, 50]]
[[0, 5], [6, 13], [14, 19], [20, 24], [25, 29], [30, 34], [35, 39], [40, 44], [45, 50]]
[[0, 8], [9, 13], [14, 18], [19, 23], [24, 29], [30, 34], [35, 39], [40, 44], [45, 50]]
[[0, 8], [9, 13], [14, 19], [20, 24], [25, 29], [30, 34], [35, 39], [40, 44], [45, 50]]
[[0, 8], [9, 13], [14, 18], [19, 23], [24, 28], [29, 33], [34, 38], [39, 44], [45, 50]]
[[0, 8], [9, 14], [15, 19], [20, 24], [25, 29], [30, 34], [35, 39], [40, 44], [45, 50]]
[[0, 9], [10, 14], [15, 19], [20, 24], [25, 29], [30, 34], [35, 39], [40, 44], [45, 50]]
[[0, 7], [8, 12], [13, 18], [19, 24], [25, 29], [30, 34], [35, 39], [40, 44], [45, 50]]
[[0, 4], [5, 13], [14, 19], [20, 24], [25, 29], [30, 34], [35, 39], [40, 44], [45, 50]]
[[0, 7], [8, 14], [15, 19], [20, 24], [25, 29], [30, 34], [35, 39], [40, 44], [45, 50]]
[[0, 5], [6, 10], [11, 16], [17, 21], [22, 26], [27, 33], [34, 38], [39, 44], [45, 50]]
[[0, 4], [5, 11], [12, 19], [20, 24], [25, 29], [30, 34], [35, 39], [40, 44], [45, 50]]
[[0, 7], [8, 13], [14, 18], [19, 24], [25, 29], [30, 34], [35, 39], [40, 44], [45, 50]]
[[0, 7], [8, 13], [14, 18], [19, 24], [25, 29], [30, 34], [35, 39], [40, 44], [45, 50]]
[[0, 8], [9, 14], [15, 19], [20, 24], [25, 29], [30, 34], [35, 39], [40, 44], [45, 50]]
[[0, 6], [7, 12], [13, 19], [20, 24], [25, 29], [30, 34], [35, 39], [40, 44], [45, 50]]
[[0, 5], [6, 12], [13, 18], [19, 24], [25, 29], [30, 34], [35, 39], [40, 44], [45, 50]]
[[0, 9], [10, 14], [15, 19], [20, 24], [25, 29], [30, 34], [35, 39], [40, 44], [45, 50]]
[[0, 6], [7, 12], [13, 19], [20, 24], [25, 29], [30, 34], [35, 39], [40, 44], [45, 50]]
[[0, 8], [9, 13], [14, 18], [19, 24], [25, 29], [30, 34], [35, 39], [40, 44], [45, 50]]
[[0, 6], [7, 13], [14, 19], [20, 24], [25, 29], [30, 34], [35, 39], [40, 44], [45, 50]]
[[0, 7], [8, 12], [13, 19], [20, 24], [25, 29], [30, 34], [35, 39], [40, 44], [45, 50]]
[[0, 9], [10, 14], [15, 19], [20, 24], [25, 29], [30, 34], [35, 39], [40, 44], [45, 50]]
[[0, 9], [10, 14], [15, 19], [20, 24], [25, 29], [30, 34], [35, 39], [40, 44], [45, 50]]
]
Max value: 5000
====================
入札者数: 100
財の個数: 50
傾き:
[
[16, 78, 86, 21, 14, 87, 35]
[62, 73, 84, 66, 83, 27, 42]
[33, 23, 90, 22, 50, 12, 22]
[18, 76, 16, 12, 87, 68, 26]
[57, 40, 48, 78, 26, 29, 97]
[40, 14, 38, 56, 17, 51, 38]
[18, 55, 32, 70, 32, 41, 22]
[87, 31, 99, 85, 97, 91, 80]
[54, 55, 30, 50, 65, 59, 88]
[38, 12, 64, 23, 89, 81, 75]
[21, 62, 68, 28, 64, 71, 98]
[15, 46, 11, 68, 88, 39, 39]
[69, 75, 28, 47, 73, 77, 38]
[13, 10, 39, 94, 90, 92, 63]
[12, 83, 66, 88, 10, 85, 59]
[15, 35, 73, 36, 35, 10, 30]
[39, 76, 58, 73, 90, 39, 36]
[42, 16, 46, 80, 93, 70, 18]
[99, 48, 75, 35, 68, 22, 85]
[23, 15, 26, 13, 74, 86, 67]
[21, 77, 10, 20, 20, 30, 23]
[13, 28, 98, 15, 18, 58, 22]
[45, 99, 42, 90, 20, 22, 40]
[29, 45, 36, 75, 33, 16, 73]
[62, 96, 87, 75, 17, 82, 27]
[89, 31, 50, 18, 29, 42, 93]
[95, 12, 11, 77, 81, 36, 71]
[33, 80, 95, 20, 98, 31, 91]
[52, 80, 47, 90, 85, 51, 86]
[73, 95, 50, 65, 84, 92, 82]
[41, 71, 32, 75, 48, 56, 72]
[40, 37, 64, 76, 13, 83, 27]
[84, 75, 30, 32, 50, 30, 42]
[96, 31, 68, 27, 59, 58, 53]
[45, 85, 10, 51, 75, 32, 62]
[84, 48, 29, 20, 16, 17, 56]
[87, 87, 13, 54, 78, 24, 67]
[45, 50, 56, 95, 66, 70, 70]
[84, 57, 71, 99, 94, 98, 17]
[14, 48, 56, 39, 60, 13, 97]
[27, 39, 100, 98, 40, 89, 41]
[88, 53, 93, 96, 80, 44, 59]
[69, 88, 55, 82, 12, 70, 79]
[78, 80, 27, 18, 30, 74, 50]
[46, 36, 30, 48, 96, 62, 58]
[65, 41, 84, 53, 73, 50, 85]
[84, 58, 98, 58, 33, 22, 26]
[80, 46, 18, 76, 78, 14, 69]
[92, 37, 83, 21, 86, 15, 54]
[96, 51, 87, 15, 31, 34, 37]
[77, 38, 24, 19, 37, 28, 99]
[52, 24, 97, 92, 37, 82, 98]
[70, 71, 36, 75, 21, 67, 96]
[73, 87, 50, 94, 92, 31, 18]
[88, 43, 37, 31, 63, 100, 11]
[91, 44, 16, 95, 55, 24, 83]
[55, 36, 85, 40, 67, 85, 39]
[27, 29, 90, 90, 92, 83, 28]
[60, 34, 21, 34, 84, 28, 39]
[91, 97, 32, 67, 83, 34, 51]
[21, 29, 24, 18, 27, 62, 57]
[60, 14, 63, 22, 81, 24, 29]
[99, 45, 94, 72, 97, 17, 74]
[70, 21, 38, 33, 10, 63, 52]
[31, 22, 40, 52, 80, 82, 45]
[39, 77, 16, 96, 97, 18, 90]
[52, 47, 61, 30, 18, 77, 88]
[13, 68, 57, 20, 18, 74, 91]
[60, 17, 32, 67, 78, 100, 73]
[75, 14, 25, 69, 43, 55, 72]
[68, 26, 43, 70, 62, 85, 22]
[89, 14, 40, 87, 79, 38, 24]
[28, 47, 67, 91, 31, 16, 38]
[59, 96, 42, 13, 15, 73, 86]
[94, 31, 59, 15, 88, 41, 19]
[22, 20, 41, 72, 43, 59, 21]
[39, 12, 42, 13, 10, 59, 10]
[33, 58, 11, 58, 51, 18, 70]
[40, 16, 21, 50, 50, 26, 21]
[80, 86, 66, 22, 46, 19, 44]
[31, 20, 74, 45, 52, 43, 74]
[96, 23, 80, 61, 59, 44, 53]
[94, 97, 45, 46, 99, 66, 93]
[33, 60, 49, 65, 35, 87, 11]
[19, 64, 24, 22, 58, 61, 90]
[78, 42, 70, 88, 95, 44, 43]
[82, 46, 20, 31, 17, 33, 39]
[84, 18, 11, 68, 41, 80, 91]
[92, 87, 42, 49, 17, 45, 36]
[88, 82, 84, 47, 72, 85, 66]
[41, 68, 80, 77, 81, 83, 82]
[61, 13, 20, 77, 28, 51, 62]
[22, 10, 54, 52, 52, 85, 49]
[65, 68, 97, 43, 54, 81, 68]
[40, 77, 39, 81, 78, 22, 50]
[55, 58, 72, 30, 82, 46, 27]
[53, 19, 20, 85, 72, 50, 15]
[51, 15, 74, 75, 25, 27, 85]
[92, 91, 92, 64, 53, 70, 56]
[38, 11, 29, 48, 86, 48, 64]
]
需要区間:
[
[[0, 7], [8, 14], [15, 21], [22, 28], [29, 35], [36, 42], [43, 50]]
[[0, 7], [8, 14], [15, 21], [22, 28], [29, 35], [36, 42], [43, 50]]
[[0, 7], [8, 14], [15, 21], [22, 28], [29, 35], [36, 42], [43, 50]]
[[0, 6], [7, 13], [14, 21], [22, 28], [29, 35], [36, 42], [43, 50]]
[[0, 7], [8, 14], [15, 21], [22, 28], [29, 35], [36, 42], [43, 50]]
[[0, 7], [8, 14], [15, 21], [22, 28], [29, 35], [36, 42], [43, 50]]
[[0, 6], [7, 13], [14, 20], [21, 27], [28, 35], [36, 42], [43, 50]]
[[0, 7], [8, 14], [15, 21], [22, 28], [29, 35], [36, 42], [43, 50]]
[[0, 7], [8, 14], [15, 21], [22, 28], [29, 35], [36, 42], [43, 50]]
[[0, 7], [8, 14], [15, 21], [22, 28], [29, 35], [36, 42], [43, 50]]
[[0, 6], [7, 13], [14, 21], [22, 28], [29, 35], [36, 42], [43, 50]]
[[0, 7], [8, 14], [15, 21], [22, 28], [29, 35], [36, 42], [43, 50]]
[[0, 6], [7, 13], [14, 20], [21, 28], [29, 35], [36, 42], [43, 50]]
[[0, 6], [7, 13], [14, 20], [21, 27], [28, 34], [35, 42], [43, 50]]
[[0, 6], [7, 13], [14, 21], [22, 28], [29, 35], [36, 42], [43, 50]]
[[0, 7], [8, 14], [15, 21], [22, 28], [29, 35], [36, 42], [43, 50]]
[[0, 7], [8, 14], [15, 21], [22, 28], [29, 35], [36, 42], [43, 50]]
[[0, 7], [8, 14], [15, 21], [22, 28], [29, 35], [36, 42], [43, 50]]
[[0, 6], [7, 13], [14, 20], [21, 27], [28, 34], [35, 42], [43, 50]]
[[0, 6], [7, 14], [15, 21], [22, 28], [29, 35], [36, 42], [43, 50]]
[[0, 6], [7, 13], [14, 20], [21, 28], [29, 35], [36, 42], [43, 50]]
[[0, 7], [8, 14], [15, 21], [22, 28], [29, 35], [36, 42], [43, 50]]
[[0, 7], [8, 14], [15, 21], [22, 28], [29, 35], [36, 42], [43, 50]]
[[0, 6], [7, 14], [15, 21], [22, 28], [29, 35], [36, 42], [43, 50]]
[[0, 6], [7, 13], [14, 20], [21, 27], [28, 35], [36, 42], [43, 50]]
[[0, 7], [8, 14], [15, 21], [22, 28], [29, 35], [36, 42], [43, 50]]
[[0, 6], [7, 14], [15, 21], [22, 28], [29, 35], [36, 42], [43, 50]]
[[0, 6], [7, 14], [15, 21], [22, 28], [29, 35], [36, 42], [43, 50]]
[[0, 6], [7, 14], [15, 21], [22, 28], [29, 35], [36, 42], [43, 50]]
[[0, 7], [8, 14], [15, 21], [22, 28], [29, 35], [36, 42], [43, 50]]
[[0, 7], [8, 14], [15, 21], [22, 28], [29, 35], [36, 42], [43, 50]]
[[0, 6], [7, 13], [14, 21], [22, 28], [29, 35], [36, 42], [43, 50]]
[[0, 7], [8, 14], [15, 21], [22, 28], [29, 35], [36, 42], [43, 50]]
[[0, 6], [7, 13], [14, 20], [21, 27], [28, 35], [36, 42], [43, 50]]
[[0, 7], [8, 14], [15, 21], [22, 28], [29, 35], [36, 42], [43, 50]]
[[0, 6], [7, 14], [15, 21], [22, 28], [29, 35], [36, 42], [43, 50]]
[[0, 6], [7, 13], [14, 21], [22, 28], [29, 35], [36, 42], [43, 50]]
[[0, 6], [7, 14], [15, 21], [22, 28], [29, 35], [36, 42], [43, 50]]
[[0, 7], [8, 14], [15, 21], [22, 28], [29, 35], [36, 42], [43, 50]]
[[0, 6], [7, 14], [15, 21], [22, 28], [29, 35], [36, 42], [43, 50]]
[[0, 7], [8, 14], [15, 21], [22, 28], [29, 35], [36, 42], [43, 50]]
[[0, 7], [8, 14], [15, 21], [22, 28], [29, 35], [36, 42], [43, 50]]
[[0, 7], [8, 14], [15, 21], [22, 28], [29, 35], [36, 42], [43, 50]]
[[0, 6], [7, 13], [14, 21], [22, 28], [29, 35], [36, 42], [43, 50]]
[[0, 6], [7, 14], [15, 21], [22, 28], [29, 35], [36, 42], [43, 50]]
[[0, 6], [7, 13], [14, 20], [21, 28], [29, 35], [36, 42], [43, 50]]
[[0, 7], [8, 14], [15, 21], [22, 28], [29, 35], [36, 42], [43, 50]]
[[0, 6], [7, 13], [14, 20], [21, 27], [28, 34], [35, 41], [42, 50]]
[[0, 7], [8, 14], [15, 21], [22, 28], [29, 35], [36, 42], [43, 50]]
[[0, 6], [7, 13], [14, 21], [22, 28], [29, 35], [36, 42], [43, 50]]
[[0, 7], [8, 14], [15, 21], [22, 28], [29, 35], [36, 42], [43, 50]]
[[0, 6], [7, 14], [15, 21], [22, 28], [29, 35], [36, 42], [43, 50]]
[[0, 7], [8, 14], [15, 21], [22, 28], [29, 35], [36, 42], [43, 50]]
[[0, 6], [7, 13], [14, 21], [22, 28], [29, 35], [36, 42], [43, 50]]
[[0, 6], [7, 14], [15, 21], [22, 28], [29, 35], [36, 42], [43, 50]]
[[0, 6], [7, 13], [14, 21], [22, 28], [29, 35], [36, 42], [43, 50]]
[[0, 7], [8, 14], [15, 21], [22, 28], [29, 35], [36, 42], [43, 50]]
[[0, 6], [7, 14], [15, 21], [22, 28], [29, 35], [36, 42], [43, 50]]
[[0, 7], [8, 14], [15, 21], [22, 28], [29, 35], [36, 42], [43, 50]]
[[0, 7], [8, 14], [15, 21], [22, 28], [29, 35], [36, 42], [43, 50]]
[[0, 6], [7, 13], [14, 20], [21, 27], [28, 34], [35, 42], [43, 50]]
[[0, 7], [8, 14], [15, 21], [22, 28], [29, 35], [36, 42], [43, 50]]
[[0, 6], [7, 14], [15, 21], [22, 28], [29, 35], [36, 42], [43, 50]]
[[0, 7], [8, 14], [15, 21], [22, 28], [29, 35], [36, 42], [43, 50]]
[[0, 7], [8, 14], [15, 21], [22, 28], [29, 35], [36, 42], [43, 50]]
[[0, 6], [7, 14], [15, 21], [22, 28], [29, 35], [36, 42], [43, 50]]
[[0, 7], [8, 14], [15, 21], [22, 28], [29, 35], [36, 42], [43, 50]]
[[0, 6], [7, 13], [14, 20], [21, 28], [29, 35], [36, 42], [43, 50]]
[[0, 7], [8, 14], [15, 21], [22, 28], [29, 35], [36, 42], [43, 50]]
[[0, 6], [7, 13], [14, 21], [22, 28], [29, 35], [36, 42], [43, 50]]
[[0, 6], [7, 13], [14, 20], [21, 27], [28, 34], [35, 42], [43, 50]]
[[0, 6], [7, 13], [14, 21], [22, 28], [29, 35], [36, 42], [43, 50]]
[[0, 6], [7, 13], [14, 20], [21, 28], [29, 35], [36, 42], [43, 50]]
[[0, 7], [8, 14], [15, 21], [22, 28], [29, 35], [36, 42], [43, 50]]
[[0, 7], [8, 14], [15, 21], [22, 28], [29, 35], [36, 42], [43, 50]]
[[0, 7], [8, 14], [15, 21], [22, 28], [29, 35], [36, 42], [43, 50]]
[[0, 6], [7, 14], [15, 21], [22, 28], [29, 35], [36, 42], [43, 50]]
[[0, 6], [7, 13], [14, 20], [21, 27], [28, 34], [35, 42], [43, 50]]
[[0, 7], [8, 14], [15, 21], [22, 28], [29, 35], [36, 42], [43, 50]]
[[0, 7], [8, 14], [15, 21], [22, 28], [29, 35], [36, 42], [43, 50]]
[[0, 7], [8, 14], [15, 21], [22, 28], [29, 35], [36, 42], [43, 50]]
[[0, 6], [7, 14], [15, 21], [22, 28], [29, 35], [36, 42], [43, 50]]
[[0, 7], [8, 14], [15, 21], [22, 28], [29, 35], [36, 42], [43, 50]]
[[0, 7], [8, 14], [15, 21], [22, 28], [29, 35], [36, 42], [43, 50]]
[[0, 7], [8, 14], [15, 21], [22, 28], [29, 35], [36, 42], [43, 50]]
[[0, 7], [8, 14], [15, 21], [22, 28], [29, 35], [36, 42], [43, 50]]
[[0, 6], [7, 14], [15, 21], [22, 28], [29, 35], [36, 42], [43, 50]]
[[0, 6], [7, 14], [15, 21], [22, 28], [29, 35], [36, 42], [43, 50]]
[[0, 6], [7, 14], [15, 21], [22, 28], [29, 35], [36, 42], [43, 50]]
[[0, 6], [7, 13], [14, 21], [22, 28], [29, 35], [36, 42], [43, 50]]
[[0, 6], [7, 14], [15, 21], [22, 28], [29, 35], [36, 42], [43, 50]]
[[0, 6], [7, 14], [15, 21], [22, 28], [29, 35], [36, 42], [43, 50]]
[[0, 7], [8, 14], [15, 21], [22, 28], [29, 35], [36, 42], [43, 50]]
[[0, 6], [7, 13], [14, 20], [21, 28], [29, 35], [36, 42], [43, 50]]
[[0, 6], [7, 14], [15, 21], [22, 28], [29, 35], [36, 42], [43, 50]]
[[0, 6], [7, 14], [15, 21], [22, 28], [29, 35], [36, 42], [43, 50]]
[[0, 6], [7, 13], [14, 21], [22, 28], [29, 35], [36, 42], [43, 50]]
[[0, 7], [8, 14], [15, 21], [22, 28], [29, 35], [36, 42], [43, 50]]
[[0, 7], [8, 14], [15, 21], [22, 28], [29, 35], [36, 42], [43, 50]]
[[0, 6], [7, 13], [14, 20], [21, 28], [29, 35], [36, 42], [43, 50]]
]
Max value: 4992
平均実行時間: 0.05718225997406989 秒
